event_idx,true,true_label,pred,pred_label,conf,pred_logit,super_max_particle_score,real_particles,top_particle_indices
321,9,label_Tbl,9,label_Tbl,0.9999911785125732,3.4185800552368164,5.065639019012451,27,"[0, 25, 1, 9, 7, 26, 24, 8, 22, 18, 23, 15]"
221,5,label_Hqql,5,label_Hqql,0.9999512434005737,3.866373300552368,4.994984149932861,21,"[0, 1, 13, 7, 8, 20, 18, 19, 2, 16, 17, 3]"
217,5,label_Hqql,5,label_Hqql,0.9995712637901306,1.9407564401626587,4.981095314025879,33,"[0, 2, 9, 31, 26, 14, 29, 1, 8, 3, 22, 32]"
219,5,label_Hqql,5,label_Hqql,0.9999996423721313,4.907090663909912,4.977695941925049,13,"[0, 1, 10, 9, 7, 12, 5, 6, 3, 11, 2, 4]"
208,5,label_Hqql,5,label_Hqql,0.9504872560501099,3.744919538497925,4.950427055358887,23,"[0, 21, 20, 18, 22, 10, 19, 16, 15, 14, 13, 3]"
198,5,label_Hqql,5,label_Hqql,0.9999284744262695,2.446387529373169,4.910810947418213,26,"[0, 15, 13, 25, 19, 5, 2, 17, 1, 24, 18, 21]"
331,9,label_Tbl,9,label_Tbl,0.9998584985733032,4.654110908508301,4.909448146820068,30,"[0, 24, 9, 14, 13, 26, 15, 17, 1, 25, 19, 27]"
364,9,label_Tbl,9,label_Tbl,0.9999998807907104,5.808475971221924,4.888889312744141,15,"[0, 11, 13, 2, 12, 14, 1, 7, 10, 3, 9, 8]"
242,5,label_Hqql,5,label_Hqql,0.9729626774787903,3.401230573654175,4.86223840713501,17,"[0, 1, 10, 14, 12, 7, 15, 16, 13, 6, 11, 9]"
233,5,label_Hqql,5,label_Hqql,0.9980556964874268,4.182189464569092,4.861680507659912,32,"[0, 31, 26, 1, 21, 2, 30, 24, 27, 8, 29, 17]"
214,5,label_Hqql,5,label_Hqql,0.9992826581001282,4.155911922454834,4.8589887619018555,18,"[0, 1, 13, 7, 10, 17, 8, 14, 16, 11, 9, 15]"
234,5,label_Hqql,5,label_Hqql,0.9612222909927368,4.294246196746826,4.858597278594971,29,"[0, 6, 19, 9, 4, 27, 28, 14, 26, 2, 25, 24]"
213,5,label_Hqql,5,label_Hqql,0.994264543056488,4.124398708343506,4.854565620422363,15,"[0, 1, 8, 2, 3, 13, 4, 14, 5, 7, 6, 12]"
334,9,label_Tbl,9,label_Tbl,0.999996542930603,5.462751865386963,4.781801700592041,24,"[0, 23, 22, 20, 1, 9, 19, 21, 8, 7, 12, 17]"
244,5,label_Hqql,5,label_Hqql,0.8620741963386536,2.619985818862915,4.767056465148926,33,"[0, 1, 20, 24, 29, 32, 27, 17, 25, 31, 30, 28]"
327,9,label_Tbl,9,label_Tbl,1.0,1.405466079711914,4.731050968170166,31,"[0, 7, 12, 18, 20, 27, 3, 13, 14, 1, 10, 9]"
220,5,label_Hqql,5,label_Hqql,0.9999498128890991,-1.380638837814331,4.714822292327881,17,"[0, 8, 15, 9, 1, 3, 2, 12, 14, 11, 4, 16]"
356,9,label_Tbl,9,label_Tbl,1.0,1.5239510536193848,4.707311630249023,23,"[0, 3, 1, 12, 9, 2, 7, 19, 15, 6, 8, 22]"
480,7,label_Wqq,7,label_Wqq,0.7663268446922302,0.7375154495239258,4.687591075897217,18,"[0, 1, 15, 11, 13, 12, 8, 2, 17, 16, 10, 9]"
209,5,label_Hqql,5,label_Hqql,0.9904475212097168,4.441457748413086,4.685012340545654,25,"[0, 16, 1, 7, 2, 3, 22, 20, 23, 11, 24, 17]"
340,9,label_Tbl,9,label_Tbl,0.9998855590820312,2.6662447452545166,4.590851783752441,40,"[0, 22, 39, 35, 5, 1, 36, 38, 34, 30, 37, 29]"
355,9,label_Tbl,9,label_Tbl,0.9999822378158569,6.044800758361816,4.584698677062988,18,"[0, 5, 17, 16, 15, 14, 12, 13, 7, 10, 1, 2]"
205,5,label_Hqql,5,label_Hqql,0.9996945858001709,2.953693151473999,4.579001426696777,20,"[0, 1, 4, 2, 19, 14, 15, 3, 16, 18, 11, 9]"
479,7,label_Wqq,6,label_Zqq,0.7806322574615479,1.2362494468688965,4.561101913452148,13,"[0, 1, 3, 2, 5, 4, 12, 8, 7, 6, 10, 11]"
368,9,label_Tbl,9,label_Tbl,0.9970056414604187,2.358579158782959,4.528118133544922,38,"[0, 1, 27, 32, 26, 36, 33, 37, 35, 23, 29, 21]"
362,9,label_Tbl,9,label_Tbl,0.9999998807907104,5.835185527801514,4.527953624725342,21,"[0, 18, 20, 12, 16, 15, 14, 17, 13, 2, 1, 11]"
471,7,label_Wqq,0,label_QCD,0.9843268990516663,-0.6858859658241272,4.526459217071533,18,"[0, 1, 13, 11, 2, 4, 10, 5, 12, 3, 6, 9]"
250,5,label_Hqql,5,label_Hqql,0.9998456239700317,2.9280712604522705,4.515524864196777,21,"[0, 1, 18, 20, 19, 11, 9, 8, 2, 3, 12, 17]"
516,0,label_QCD,0,label_QCD,0.9975778460502625,-2.407902479171753,4.51224946975708,8,"[0, 1, 2, 3, 7, 4, 5, 6]"
329,9,label_Tbl,9,label_Tbl,0.999985933303833,0.22091054916381836,4.508504867553711,20,"[0, 7, 17, 19, 2, 14, 1, 18, 16, 9, 12, 3]"
246,5,label_Hqql,5,label_Hqql,0.9179022908210754,3.8730876445770264,4.501151084899902,30,"[0, 18, 1, 7, 28, 24, 20, 9, 17, 3, 12, 2]"
353,9,label_Tbl,9,label_Tbl,1.0,5.0654520988464355,4.4762983322143555,22,"[0, 21, 18, 19, 5, 20, 4, 16, 1, 3, 14, 17]"
493,7,label_Wqq,6,label_Zqq,0.48054975271224976,-1.0222065448760986,4.45957612991333,43,"[0, 42, 23, 13, 1, 2, 14, 35, 4, 3, 21, 40]"
359,9,label_Tbl,9,label_Tbl,0.9988663196563721,5.018675804138184,4.431894302368164,26,"[0, 24, 21, 20, 22, 25, 18, 1, 15, 23, 17, 11]"
561,0,label_QCD,0,label_QCD,0.995521068572998,-3.658919095993042,4.404831886291504,13,"[0, 1, 10, 2, 12, 5, 4, 9, 3, 7, 8, 11]"
367,9,label_Tbl,9,label_Tbl,0.9986820816993713,2.437350034713745,4.375204563140869,48,"[0, 9, 38, 27, 28, 36, 15, 12, 2, 1, 19, 3]"
461,7,label_Wqq,7,label_Wqq,0.9713129997253418,1.0450942516326904,4.37456750869751,15,"[0, 1, 4, 3, 2, 13, 14, 12, 9, 10, 5, 6]"
522,0,label_QCD,0,label_QCD,0.600000262260437,0.16559207439422607,4.363133907318115,6,"[0, 5, 2, 1, 3, 4]"
323,9,label_Tbl,9,label_Tbl,0.9998979568481445,3.8449106216430664,4.348217964172363,30,"[0, 28, 1, 29, 16, 23, 26, 22, 18, 5, 17, 7]"
241,5,label_Hqql,5,label_Hqql,0.9996309280395508,3.5985047817230225,4.329380512237549,24,"[0, 23, 1, 19, 11, 20, 17, 2, 21, 3, 6, 5]"
