class_pair,true_label,pred_label,count,true_total,confusion_rate,baseline_rate,delta_vs_baseline,mean_pred_confidence,score,status
label_Zqq->label_Wqq,label_Zqq,label_Wqq,229,1024,0.2236328125,0.0,0.2236328125,0.634713929292937,3.4524610954525503,ALERT
label_Wqq->label_Zqq,label_Wqq,label_Zqq,150,1024,0.146484375,0.0,0.146484375,0.5884316259622574,2.199796851095936,ALERT
label_Hbb->label_Hcc,label_Hbb,label_Hcc,127,1024,0.1240234375,0.0,0.1240234375,0.5764233874758398,1.8419998471853432,ALERT
label_Hcc->label_Hbb,label_Hcc,label_Hbb,119,1024,0.1162109375,0.0,0.1162109375,0.6196061826052786,1.7184682787022103,ALERT
label_Hgg->label_H4q,label_Hgg,label_H4q,110,1024,0.107421875,0.0,0.107421875,0.6259164013645866,1.5801253145940983,ALERT
label_H4q->label_Hgg,label_H4q,label_Hgg,98,1024,0.095703125,0.0,0.095703125,0.5551752054265567,1.3967985794074118,ALERT
label_Hbb->label_Hgg,label_Hbb,label_Hgg,88,1024,0.0859375,0.0,0.0859375,0.5809977819973772,1.2451171880238556,ALERT
label_Hcc->label_Hgg,label_Hcc,label_Hgg,83,1024,0.0810546875,0.0,0.0810546875,0.5399253336061914,1.1696853459999952,ALERT
label_Hcc->label_H4q,label_Hcc,label_H4q,79,1024,0.0771484375,0.0,0.0771484375,0.5772093636325643,1.1095508829484733,ALERT
label_QCD->label_Hgg,label_QCD,label_Hgg,68,1024,0.06640625,0.0,0.06640625,0.5455512487713028,0.9452336350709118,ALERT
label_Hgg->label_Hcc,label_Hgg,label_Hcc,66,1024,0.064453125,0.0,0.064453125,0.531596026185787,0.9155368289841833,ALERT
label_Wqq->label_QCD,label_Wqq,label_QCD,62,1024,0.060546875,0.0,0.060546875,0.6125834468872317,0.8563226103869873,ALERT
label_Hgg->label_Hbb,label_Hgg,label_Hbb,60,1024,0.05859375,0.0,0.05859375,0.5388439824183782,0.826809015478905,ALERT
label_QCD->label_Wqq,label_QCD,label_Wqq,52,1024,0.05078125,0.0,0.05078125,0.5218439801381185,0.7094288862350687,ALERT
label_QCD->label_Zqq,label_QCD,label_Zqq,50,1024,0.048828125,0.0,0.048828125,0.49439182490110395,0.6802649234728675,ALERT
label_Zqq->label_QCD,label_Zqq,label_QCD,50,1024,0.048828125,0.0,0.048828125,0.5756462579965591,0.6802649234728675,ALERT
label_Hcc->label_Zqq,label_Hcc,label_Zqq,49,1024,0.0478515625,0.0,0.0478515625,0.5658699772795852,0.6657120383456827,ALERT
label_Hbb->label_Zqq,label_Hbb,label_Zqq,45,1024,0.0439453125,0.0,0.0439453125,0.5748001191351149,0.6077039676191497,ALERT
label_Tbl->label_Hqql,label_Tbl,label_Hqql,43,1024,0.0419921875,0.0,0.0419921875,0.7682642687198727,0.578828275643052,ALERT
label_QCD->label_Hcc,label_QCD,label_Hcc,36,1024,0.03515625,0.0,0.03515625,0.5420331160227457,0.4785088328663985,ALERT
label_QCD->label_Tbqq,label_QCD,label_Tbqq,36,1024,0.03515625,0.0,0.03515625,0.5678431321349409,0.4785088328663985,ALERT
label_H4q->label_Hcc,label_H4q,label_Hcc,36,1024,0.03515625,0.0,0.03515625,0.5119914528396394,0.4785088328663985,ALERT
label_Hqql->label_Tbl,label_Hqql,label_Tbl,35,1024,0.0341796875,0.0,0.0341796875,0.7614938804081508,0.46428043246676154,ALERT
label_Hcc->label_Tbqq,label_Hcc,label_Tbqq,33,1024,0.0322265625,0.0,0.0322265625,0.6401084607297723,0.43590810284407555,ALERT
label_Hgg->label_QCD,label_Hgg,label_QCD,32,1024,0.03125,0.0,0.03125,0.5548086017370224,0.4217658612958275,ALERT
label_Zqq->label_Hcc,label_Zqq,label_Hcc,31,1024,0.0302734375,0.0,0.0302734375,0.5705340817090003,0.4076541142449136,ALERT
label_Hbb->label_H4q,label_Hbb,label_H4q,30,1024,0.029296875,0.0,0.029296875,0.5758520185947418,0.39357384388140076,WATCH
label_QCD->label_H4q,label_QCD,label_H4q,29,1024,0.0283203125,0.0,0.0283203125,0.5635914175674833,0.379526097722854,WATCH
label_H4q->label_Tbqq,label_H4q,label_Tbqq,27,1024,0.0263671875,0.0,0.0263671875,0.5756546170623215,0.3515327361081353,WATCH
label_Zqq->label_Hbb,label_Zqq,label_Hbb,27,1024,0.0263671875,0.0,0.0263671875,0.5809893597055364,0.3515327361081353,WATCH
label_Tbqq->label_H4q,label_Tbqq,label_H4q,26,1024,0.025390625,0.0,0.025390625,0.5498820130641644,0.33758960792589116,WATCH
label_Hgg->label_Zqq,label_Hgg,label_Zqq,25,1024,0.0244140625,0.0,0.0244140625,0.4937423050403595,0.3236839975102901,WATCH
label_Wqq->label_H4q,label_Wqq,label_H4q,21,1024,0.0205078125,0.0,0.0205078125,0.5134892265001932,0.26846864406301235,WATCH
label_Zqq->label_Tbqq,label_Zqq,label_Tbqq,20,1024,0.01953125,0.0,0.01953125,0.5898370772600174,0.2547758288617856,WATCH
label_Hbb->label_Tbqq,label_Hbb,label_Tbqq,19,1024,0.0185546875,0.0,0.0185546875,0.7147824654453679,0.2411317511694588,WATCH
label_H4q->label_QCD,label_H4q,label_QCD,19,1024,0.0185546875,0.0,0.0185546875,0.46626459611089605,0.2411317511694588,WATCH
label_Zqq->label_H4q,label_Zqq,label_H4q,19,1024,0.0185546875,0.0,0.0185546875,0.5156403027082744,0.2411317511694588,WATCH
label_Wqq->label_Tbqq,label_Wqq,label_Tbqq,19,1024,0.0185546875,0.0,0.0185546875,0.6705921590328217,0.2411317511694588,WATCH
label_Hcc->label_QCD,label_Hcc,label_QCD,17,1024,0.0166015625,0.0,0.0166015625,0.5014968637157889,0.21400031238694806,WATCH
label_Hgg->label_Tbqq,label_Hgg,label_Tbqq,17,1024,0.0166015625,0.0,0.0166015625,0.5408144084846273,0.21400031238694806,WATCH
label_Tbqq->label_Hbb,label_Tbqq,label_Hbb,17,1024,0.0166015625,0.0,0.0166015625,0.5452758862691767,0.21400031238694806,WATCH
label_QCD->label_Hbb,label_QCD,label_Hbb,16,1024,0.015625,0.0,0.015625,0.49549098778516054,0.20051895850087836,WATCH
label_Hbb->label_QCD,label_Hbb,label_QCD,15,1024,0.0146484375,0.0,0.0146484375,0.5646433095137279,0.1870984676109343,WATCH
label_H4q->label_Zqq,label_H4q,label_Zqq,15,1024,0.0146484375,0.0,0.0146484375,0.48891016443570456,0.1870984676109343,WATCH
label_H4q->label_Wqq,label_H4q,label_Wqq,14,1024,0.013671875,0.0,0.013671875,0.5094753418649945,0.17374287384319428,WATCH
label_Tbqq->label_QCD,label_Tbqq,label_QCD,13,1024,0.0126953125,0.0,0.0126953125,0.5213550077034876,0.1604567825048812,WATCH
label_Hcc->label_Wqq,label_Hcc,label_Wqq,12,1024,0.01171875,0.0,0.01171875,0.5374168132742246,0.14724550028275238,WATCH
label_H4q->label_Hbb,label_H4q,label_Hbb,11,1024,0.0107421875,0.0,0.0107421875,0.46255423535000195,0.13411520815201955,WATCH
label_Tbqq->label_Hcc,label_Tbqq,label_Hcc,11,1024,0.0107421875,0.0,0.0107421875,0.5066188167441975,0.13411520815201955,WATCH
label_Hgg->label_Wqq,label_Hgg,label_Wqq,10,1024,0.009765625,0.0,0.009765625,0.5416668981313706,0.12107319602342159,OK
label_Zqq->label_Hgg,label_Zqq,label_Hgg,10,1024,0.009765625,0.0,0.009765625,0.3988926768302917,0.12107319602342159,OK
label_Wqq->label_Hcc,label_Wqq,label_Hcc,8,1024,0.0078125,0.0,0.0078125,0.5284503549337387,0.09529081701043922,OK
label_Hqql->label_Hbb,label_Hqql,label_Hbb,7,1024,0.0068359375,0.0,0.0068359375,0.5669197695595878,0.082574307413827,OK
label_Hqql->label_Wqq,label_Hqql,label_Wqq,6,1024,0.005859375,0.0,0.005859375,0.6132033268610636,0.06999556727962097,OK
label_QCD->label_Hqql,label_QCD,label_Hqql,5,1024,0.0048828125,0.0,0.0048828125,0.642640233039856,0.05757695053334011,OK
label_Tbqq->label_Hgg,label_Tbqq,label_Hgg,5,1024,0.0048828125,0.0,0.0048828125,0.48307777047157285,0.05757695053334011,OK
label_Hqql->label_Zqq,label_Hqql,label_Zqq,4,1024,0.00390625,0.0,0.00390625,0.6376115530729294,0.0453493668454457,OK
label_Wqq->label_Hgg,label_Wqq,label_Hgg,4,1024,0.00390625,0.0,0.00390625,0.44231172278523445,0.0453493668454457,OK
label_Hbb->label_Hqql,label_Hbb,label_Hqql,3,1024,0.0029296875,0.0,0.0029296875,0.5762184162934622,0.03335828426109343,OK
label_Hbb->label_Wqq,label_Hbb,label_Wqq,3,1024,0.0029296875,0.0,0.0029296875,0.6454098920027415,0.03335828426109343,OK
label_Wqq->label_Hbb,label_Wqq,label_Hbb,3,1024,0.0029296875,0.0,0.0029296875,0.46100449562072754,0.03335828426109343,OK
label_Hbb->label_Tbl,label_Hbb,label_Tbl,2,1024,0.001953125,0.0,0.001953125,0.6831384003162384,0.0216769771263049,OK
label_H4q->label_Hqql,label_H4q,label_Hqql,2,1024,0.001953125,0.0,0.001953125,0.7299858331680298,0.0216769771263049,OK
label_Hqql->label_H4q,label_Hqql,label_H4q,2,1024,0.001953125,0.0,0.001953125,0.6758864521980286,0.0216769771263049,OK
label_Wqq->label_Hqql,label_Wqq,label_Hqql,2,1024,0.001953125,0.0,0.001953125,0.458157554268837,0.0216769771263049,OK
label_Tbl->label_Hbb,label_Tbl,label_Hbb,2,1024,0.001953125,0.0,0.001953125,0.5677249580621719,0.0216769771263049,OK
label_QCD->label_Tbl,label_QCD,label_Tbl,1,1024,0.0009765625,0.0,0.0009765625,0.5926714539527893,0.010442526543515572,OK
label_Hcc->label_Hqql,label_Hcc,label_Hqql,1,1024,0.0009765625,0.0,0.0009765625,0.8239561915397644,0.010442526543515572,OK
label_Hcc->label_Tbl,label_Hcc,label_Tbl,1,1024,0.0009765625,0.0,0.0009765625,0.4251989424228668,0.010442526543515572,OK
label_Hgg->label_Hqql,label_Hgg,label_Hqql,1,1024,0.0009765625,0.0,0.0009765625,0.8720865845680237,0.010442526543515572,OK
label_Hqql->label_Hcc,label_Hqql,label_Hcc,1,1024,0.0009765625,0.0,0.0009765625,0.3886387050151825,0.010442526543515572,OK
label_Hqql->label_Tbqq,label_Hqql,label_Tbqq,1,1024,0.0009765625,0.0,0.0009765625,0.8677937984466553,0.010442526543515572,OK
label_Tbqq->label_Zqq,label_Tbqq,label_Zqq,1,1024,0.0009765625,0.0,0.0009765625,0.3542931079864502,0.010442526543515572,OK
label_Tbqq->label_Wqq,label_Tbqq,label_Wqq,1,1024,0.0009765625,0.0,0.0009765625,0.6373409032821655,0.010442526543515572,OK
label_Tbqq->label_Tbl,label_Tbqq,label_Tbl,1,1024,0.0009765625,0.0,0.0009765625,0.5088880062103271,0.010442526543515572,OK
label_Tbl->label_Hcc,label_Tbl,label_Hcc,1,1024,0.0009765625,0.0,0.0009765625,0.4757099151611328,0.010442526543515572,OK
label_Hgg->label_Tbl,label_Hgg,label_Tbl,0,1024,0.0,0.0,0.0,0.0,0.0,OK
label_H4q->label_Tbl,label_H4q,label_Tbl,0,1024,0.0,0.0,0.0,0.0,0.0,OK
label_Hqql->label_QCD,label_Hqql,label_QCD,0,1024,0.0,0.0,0.0,0.0,0.0,OK
label_Hqql->label_Hgg,label_Hqql,label_Hgg,0,1024,0.0,0.0,0.0,0.0,0.0,OK
label_Zqq->label_Hqql,label_Zqq,label_Hqql,0,1024,0.0,0.0,0.0,0.0,0.0,OK
label_Zqq->label_Tbl,label_Zqq,label_Tbl,0,1024,0.0,0.0,0.0,0.0,0.0,OK
label_Wqq->label_Tbl,label_Wqq,label_Tbl,0,1024,0.0,0.0,0.0,0.0,0.0,OK
label_Tbqq->label_Hqql,label_Tbqq,label_Hqql,0,1024,0.0,0.0,0.0,0.0,0.0,OK
label_Tbl->label_QCD,label_Tbl,label_QCD,0,1024,0.0,0.0,0.0,0.0,0.0,OK
label_Tbl->label_Hgg,label_Tbl,label_Hgg,0,1024,0.0,0.0,0.0,0.0,0.0,OK
label_Tbl->label_H4q,label_Tbl,label_H4q,0,1024,0.0,0.0,0.0,0.0,0.0,OK
label_Tbl->label_Zqq,label_Tbl,label_Zqq,0,1024,0.0,0.0,0.0,0.0,0.0,OK
label_Tbl->label_Wqq,label_Tbl,label_Wqq,0,1024,0.0,0.0,0.0,0.0,0.0,OK
label_Tbl->label_Tbqq,label_Tbl,label_Tbqq,0,1024,0.0,0.0,0.0,0.0,0.0,OK
