particle_role,head_id,class_label,A_n,A_flow,B_n,B_flow,C_n,C_flow,B_minus_A,B_minus_C,trigger_score,loss_score,anomaly_score,diagnosis
nearest_hadron_to_best_lepton,L1_ch80:96,label_Tbl,1,74.01603662317939,0,0.0,11,109.97311908706565,-74.01603662317939,-109.97311908706565,0.6669726617768487,0.0,8139.77440991352,anomalous_third_topology_candidate
other_lepton,L1_ch80:96,label_Tbl,1,80.8756658245884,0,0.0,4,97.7790846884177,-80.8756658245884,-97.7790846884177,0.8187529382327982,0.0,7907.948577894597,anomalous_third_topology_candidate
photon_neighbor,L1_ch80:96,label_Hqql,43,68.10212487387147,11,119.26775955823194,158,-19.542212138987136,51.16563468436047,138.80997169721908,0.0,0.0,7102.300302406328,anomalous_third_topology_candidate
second_lepton,L1_ch80:96,label_Tbl,1,73.18731338398266,0,0.0,4,75.36244691393563,-73.18731338398266,-75.36244691393563,0.9584202227892001,0.0,5515.575019673964,anomalous_third_topology_candidate
photon_neighbor,L1_ch80:96,label_Tbl,43,68.03361939126006,11,136.9842135559854,158,85.85359821547588,68.95059416472535,51.13061534050952,1.322650686441167,0.0,3525.486307736152,target_like_trigger_candidate
particle0,L1_ch32:48,label_Hqql,0,0.0,1,38.498135350162556,8,-4.884928862534991,38.498135350162556,43.38306421269755,0.0,0.0,1670.1670779652236,anomalous_third_topology_candidate
other_lepton,L1_ch80:96,label_Hqql,1,93.72842926278281,0,0.0,4,-17.591211735230445,-93.72842926278281,17.591211735230445,0.0,93.72842926278281,1648.7966447721817,source_evidence_loss_candidate
nearest_hadron_to_best_lepton,L1_ch80:96,label_Hqql,1,85.29324600471227,0,0.0,11,-16.032588629122447,-85.29324600471227,16.032588629122447,0.0,85.29324600471227,1367.4715260360936,source_evidence_loss_candidate
particle0_best_lepton,L1_ch80:96,label_Hqql,1,31.139396651072502,1,52.23167957587793,21,-12.021956841961215,21.09228292480543,64.25363641783915,0.0,0.0,1355.255878272645,anomalous_third_topology_candidate
hadron_neighbor,L1_ch80:96,label_Tbl,44,82.47967278969803,14,131.89605637684693,158,105.278624285636,49.4163835871489,26.61743209121093,1.7893185515562595,0.0,1315.3372343241663,target_like_trigger_candidate
hadron_neighbor,L1_ch80:96,label_Hqql,44,82.54032134799223,14,72.08012710699931,158,-37.73458933273504,-10.46019424099292,109.81471643973435,0.0,10.46019424099292,1148.6832644791798,source_evidence_loss_candidate
particle0_best_lepton,L1_ch80:96,label_Tbl,1,19.04647764829747,1,123.20022710035482,21,112.52319375257949,104.15374945205735,10.677033347775335,8.91953858056767,0.0,1112.0530561954533,target_like_trigger_candidate
hardest_hadron,L1_ch32:48,label_Tbl,3,21.32495872367743,0,0.0,7,47.01375169352351,-21.32495872367743,-47.01375169352351,0.44414272935380544,0.0,1002.5663143096087,anomalous_third_topology_candidate
second_lepton,L1_ch80:96,label_Hqql,1,84.81824360274004,0,0.0,4,7.655006286758464,-84.81824360274004,-7.655006286758464,0.0,84.81824360274004,649.2841880107859,source_evidence_loss_candidate
hard_hadron,L1_ch80:96,label_Hqql,5,53.779543788583666,7,42.34308002591196,24,-6.1673506078550036,-11.436463762671707,48.510430633766966,0.0,11.436463762671707,554.7877820546754,source_evidence_loss_candidate
photon_neighbor,L1_ch32:48,label_Hqql,17,6.1988275289201695,6,16.1888763389173,51,-31.87073588945381,9.99004880999713,48.05961222837111,0.0,0.0,480.11787195096235,anomalous_third_topology_candidate
particle0,L2_ch224:256,label_Tbl,1,12.49308847822249,1,31.870878759591506,20,11.632968495358588,19.377790281369016,20.237910264232916,0.9124151124229696,0.0,392.1659808334708,anomalous_third_topology_candidate
particle0,L1_ch32:48,label_Tbl,0,0.0,1,58.997495533352776,8,52.49641322901681,58.997495533352776,6.5010823043359665,7.8651977327657825,0.0,383.54757421202,target_like_trigger_candidate
hard_hadron,L1_ch80:96,label_Tbl,5,60.18871414948171,7,84.78252297797833,24,69.43119817708134,24.59380882849662,15.35132480089699,1.5040866185440502,0.0,377.5475474174195,target_like_trigger_candidate
particle0,L2_ch224:256,label_Hqql,1,11.83553345312248,1,33.96180009834643,20,19.893790010445542,22.12626664522395,14.068010087900888,0.0,0.0,311.27254237259547,anomalous_third_topology_candidate
nearest_hadron_to_best_lepton,L1_ch32:48,label_Hqql,12,12.40280940824376,3,4.290311473287488,49,-28.616025130620866,-8.112497934956272,32.90633660390836,0.0,8.112497934956272,266.95258774618253,source_evidence_loss_candidate
hadron_neighbor,L1_ch32:48,label_Hqql,50,13.907668618764866,15,3.7339052426167503,166,-19.912666293584238,-10.173763376148116,23.646571536200987,0.0,10.173763376148116,240.5746234664681,source_evidence_loss_candidate
particle0_best_lepton,L1_ch32:48,label_Tbl,9,19.297104656222196,3,33.597810696106386,53,43.08003027539428,14.30070603988419,-9.482219579287893,1.3642822430605586,0.0,135.60243480903048,target_like_trigger_candidate
particle0,L2_ch32:64,label_Tbl,0,0.0,1,12.137627809426021,8,1.105750868468716,12.137627809426021,11.031876940957305,1.0087892245729952,0.0,133.90081634872905,target_like_trigger_candidate
hard_hadron,L1_ch32:48,label_Tbl,5,23.02810880821794,5,28.748611018289104,45,47.29119916679459,5.720502210071164,-18.542588148505487,0.29271978545526667,0.0,106.072916483965,anomalous_third_topology_candidate
nearest_hadron_to_best_lepton,L1_ch32:48,label_Tbl,12,19.598931749714392,3,35.79304527421967,49,40.60224760916721,16.19411352450528,-4.8092023349475355,2.787665602054044,0.0,77.88076857445625,target_like_trigger_candidate
particle0_best_lepton,L2_ch224:256,label_Hqql,31,15.84605138754235,10,18.889710552766722,107,37.91921192418577,3.0436591652243727,-19.029501371419045,0.0,0.0,57.91931625876934,anomalous_third_topology_candidate
best_lepton,L2_ch32:64,label_Tbl,1,-0.6210522796159239,1,8.486799726705385,21,4.739119712261105,9.107852006321309,3.7476800144442803,1.9183794987471139,0.0,34.13331493860661,target_like_trigger_candidate
particle0_best_lepton,L2_ch160:192,label_Hqql,31,3.323591026336222,10,-2.180467781897984,107,-8.042283350795545,-5.5040588082342055,5.861815568897561,0.0,5.5040588082342055,32.26377761423502,source_evidence_loss_candidate
hadron_neighbor,L1_ch32:48,label_Tbl,50,26.749490467581463,15,39.36600275646341,166,41.80670619946878,12.616512288881946,-2.4407034430053685,3.6668409521111585,0.0,30.79316498219371,target_like_trigger_candidate
particle0,L2_ch0:32,label_Tbl,1,-1.3799722211176686,1,-5.827885117102824,11,1.041829367167377,-4.447912895985155,-6.869714484270201,0.565193680771461,0.0,30.555891646321435,anomalous_third_topology_candidate
particle0,L2_ch160:192,label_Hqql,0,0.0,1,-1.5500730892359371,1,-19.451679844124556,-1.5500730892359371,17.90160675488862,0.0,1.5500730892359371,27.74879888483712,source_evidence_loss_candidate
hardest_hadron,L1_ch32:48,label_Hqql,3,8.935692500873643,0,0.0,7,2.805964694554372,-8.935692500873643,-2.805964694554372,0.0,8.935692500873643,25.073237678845704,source_evidence_loss_candidate
best_lepton,L2_ch128:160,label_Hqql,1,11.713934538010221,1,9.578150246056794,21,-1.043609850227973,-2.135784291953428,10.621760096284767,0.0,2.135784291953428,22.685788366542734,source_evidence_loss_candidate
photon_neighbor,L1_ch32:48,label_Tbl,17,20.51638686415245,6,40.53110969831414,51,40.245036429164195,20.014722834161688,0.286073269149945,15.562661408389902,0.0,5.725677192298687,target_like_trigger_candidate
hardest_hadron,L2_ch224:256,label_Hqql,16,4.946063904504824,5,3.188289793928914,80,10.267546656709241,-1.7577741105759097,-7.079256862780327,0.0,1.7577741105759097,12.443734435512095,source_evidence_loss_candidate
other_lepton,L2_ch128:160,label_Hqql,0,0.0,1,3.661099091644985,1,0.29189293224737867,3.661099091644985,3.3692061593976064,0.0,0.0,12.334997609735264,anomalous_third_topology_candidate
other_lepton,L2_ch224:256,label_Tbl,0,0.0,1,7.768386902256907,1,6.287539110003593,7.768386902256907,1.4808477922533143,3.1313436183043724,0.0,11.503798593576704,target_like_trigger_candidate
particle0,L2_ch0:32,label_Hqql,1,4.295103710204273,1,6.528846589958448,11,1.6343030373725127,2.2337428797541747,4.894543552585935,0.0,0.0,10.933151810235534,anomalous_third_topology_candidate
particle0,L2_ch128:160,label_Hqql,1,6.537758655529274,1,2.7146860269226636,7,0.26426725390215366,-3.82307262860661,2.45041877302051,0.0,3.82307262860661,9.368128939758504,source_evidence_loss_candidate
particle0,L2_ch32:64,label_Hqql,0,0.0,1,-4.021758187012097,8,-1.7465523013187552,-4.021758187012097,-2.2752058856933415,0.0,4.021758187012097,9.150327897925305,source_evidence_loss_candidate
best_lepton,L2_ch32:64,label_Hqql,1,0.13240755547548133,1,-2.8120697732964572,21,0.28129887466090236,-2.9444773287719386,-3.0933686479573597,0.0,2.9444773287719386,9.10835385344435,source_evidence_loss_candidate
hardest_hadron,L2_ch224:256,label_Tbl,16,4.832490139267745,5,2.3761283602889565,80,6.071935873790176,-2.4563617789787884,-3.6958075135012196,0.5230967776929407,0.0,9.078240318627028,anomalous_third_topology_candidate
photon_neighbor,L2_ch224:256,label_Hqql,16,5.096110727339494,3,3.473482360854206,51,8.925959805033925,-1.622628366485288,-5.452477444179719,0.0,1.622628366485288,8.847344568547216,source_evidence_loss_candidate
second_lepton,L2_ch160:192,label_Hqql,3,-0.051140511034276415,3,-1.3242180439830709,23,-8.15047798832183,-1.2730775329487944,6.8262599443387595,0.0,1.2730775329487944,8.690358169205963,source_evidence_loss_candidate
best_lepton,L2_ch0:32,label_Hqql,1,2.64220338000527,0,0.0,19,3.183720561005815,-2.64220338000527,-3.183720561005815,0.0,2.64220338000527,8.41203722728184,source_evidence_loss_candidate
hard_hadron,L1_ch32:48,label_Hqql,5,6.63374102344842,5,6.280470766717667,45,-15.830302177654112,-0.3532702567307524,22.110772944371778,0.0,0.3532702567307524,7.811078434573592,source_evidence_loss_candidate
best_lepton,L2_ch160:192,label_Hqql,1,2.4495087360230343,1,-5.161104655329041,21,-4.140937305180542,-7.610613391352075,-1.0201673501484985,0.0,7.610613391352075,7.764099296460324,source_evidence_loss_candidate
second_lepton,L2_ch128:160,label_Hqql,2,4.496306062211858,4,2.3987151831477327,35,-1.0067221691907775,-2.097590879064125,3.4054373523385104,0.0,2.097590879064125,7.143214329489542,source_evidence_loss_candidate
other_lepton,L2_ch224:256,label_Hqql,0,0.0,1,7.862528787456654,1,8.765182245653591,7.862528787456654,-0.9026534581969372,0.0,0.0,7.09713880017072,anomalous_third_topology_candidate
best_lepton,L2_ch160:192,label_Tbl,1,-0.5355995203963175,1,-1.9652431815325144,21,2.9538164091962256,-1.429643661136197,-4.9190595907287396,0.24153222977776825,0.0,7.032502362636557,anomalous_third_topology_candidate
hard_hadron,L2_ch224:256,label_Hqql,26,3.651731223005739,5,2.36869853845421,55,7.556181012282638,-1.2830326845515292,-5.187482473828428,0.0,1.2830326845515292,6.655709564460096,source_evidence_loss_candidate
particle0_best_lepton,L2_ch224:256,label_Tbl,31,15.755528054430142,10,15.074965394465243,107,24.127586558849675,-0.6805626599648988,-9.052621164384432,0.06770002060518042,0.0,6.160875939288008,anomalous_third_topology_candidate
hard_hadron,L2_ch224:256,label_Tbl,26,3.577903572350407,5,1.685020361467025,55,4.519415833615666,-1.8928832108833822,-2.834395472148641,0.4936588373923482,0.0,5.365179602234039,anomalous_third_topology_candidate
hardest_hadron,L2_ch160:192,label_Tbl,8,0.9552822267686376,2,2.654028324133236,14,-0.45990768187142095,1.6987460973645985,3.113936006004657,0.41292477444596287,0.0,5.289786637643516,anomalous_third_topology_candidate
photon_neighbor,L2_ch224:256,label_Tbl,16,4.802570885963474,3,2.8566399125763176,51,5.47526453226862,-1.9459309733871568,-2.618624619692303,0.5377543066494204,0.0,5.095662755133416,anomalous_third_topology_candidate
other_lepton,L2_ch32:64,label_Hqql,0,0.0,1,-3.143704378980715,2,-1.5610633806412082,-3.143704378980715,-1.5826409983395067,0.0,3.143704378980715,4.975355436834318,source_evidence_loss_candidate
second_lepton,L2_ch0:32,label_Tbl,1,2.506547384073315,3,0.3989340347869472,28,2.5026106359215086,-2.1076133492863676,-2.1036766011345613,0.6790698968171881,0.0,4.433736887132575,target_like_trigger_candidate
photon_neighbor,L2_ch0:32,label_Hqql,13,2.0155467459489134,0,0.0,41,2.121826046463987,-2.0155467459489134,-2.121826046463987,0.0,2.0155467459489134,4.2766395834201365,source_evidence_loss_candidate
particle0_best_lepton,L2_ch32:64,label_Tbl,31,0.3232023004315204,10,1.0909340264554885,107,6.623643343436966,0.7677317260239682,-5.532709316981478,0.11752118283118534,0.0,4.2476364735150804,anomalous_third_topology_candidate
second_lepton,L2_ch224:256,label_Tbl,1,3.056410990945949,3,2.643068469299768,23,12.675184609571186,-0.413342521646181,-10.032116140271418,0.037467201794343305,0.0,4.14670018286714,anomalous_third_topology_candidate
hardest_hadron,L2_ch160:192,label_Hqql,8,0.9500674178507129,2,1.6169866481929311,14,-4.144919118795489,0.6669192303422182,5.76190576698842,0.0,0.0,3.842725759424306,anomalous_third_topology_candidate
particle0_best_lepton,L2_ch128:160,label_Hqql,31,10.255719502309093,10,10.629727042359985,105,1.2063608633174432,0.37400754005089176,9.423366179042542,0.0,0.0,3.5244100036224726,anomalous_third_topology_candidate
particle0_best_lepton,L2_ch128:160,label_Tbl,31,10.801069702140426,10,12.580892511266892,105,14.548634456101668,1.7798228091264665,-1.967741944834776,0.5997229011855865,0.0,3.5022319958918073,anomalous_third_topology_candidate
second_lepton,L2_ch224:256,label_Hqql,1,3.1410699155770203,3,2.9754721637151484,23,20.72228480972154,-0.16559775186187187,-17.74681264600639,0.0,0.16559775186187187,2.9388322768924957,source_evidence_loss_candidate
particle0_best_lepton,L2_ch32:64,label_Hqql,31,0.2585005843852418,10,-2.592463767690173,107,-1.971050365660724,-2.850964352075415,-0.6214134020294493,0.0,2.850964352075415,1.771627457087868,source_evidence_loss_candidate
best_lepton,L2_ch224:256,label_Hqql,1,9.74044235207748,1,9.995267342315856,18,19.17393096072156,0.2548249902383759,-9.178663618405704,0.0,0.0,2.3389528669615696,anomalous_third_topology_candidate
particle0_best_lepton,L1_ch32:48,label_Hqql,9,11.926016158315456,3,12.029605801486847,53,-9.56982137080972,0.10358964317139119,21.599427172296565,0.0,0.0,2.237476953484652,anomalous_third_topology_candidate
best_lepton,L2_ch0:32,label_Tbl,1,-0.84891250897806,0,0.0,19,2.3458709659983694,0.84891250897806,-2.3458709659983694,0.2537194403504901,0.0,1.9914392074844611,anomalous_third_topology_candidate
photon_neighbor,L2_ch128:160,label_Hqql,10,1.7278681907664115,1,2.68110716374656,56,0.6193705348637905,0.9532389729801487,2.0617366288827697,0.0,0.0,1.9653277066717654,anomalous_third_topology_candidate
hadron_neighbor,L2_ch224:256,label_Hqql,4,3.6493591096848235,4,4.842575430584333,23,6.488651057825086,1.1932163208995092,-1.6460756272407533,0.0,0.0,1.9641243038585636,anomalous_third_topology_candidate
hard_hadron,L2_ch160:192,label_Hqql,20,0.7556688225444715,4,-0.3146577836974067,26,-1.962073489394529,-1.0703266062418781,1.6474157056971224,0.0,1.0703266062418781,1.7632728613483697,source_evidence_loss_candidate
particle0,L2_ch160:192,label_Tbl,0,0.0,1,-0.5902361554231561,1,-3.5518174572507633,-0.5902361554231561,2.961581301827607,0.14899003969724434,0.0,1.7480323615638325,anomalous_third_topology_candidate
photon_neighbor,L2_ch160:192,label_Hqql,16,0.6510179345154823,6,-1.0141517052995042,80,-1.960264525102786,-1.6651696398149864,0.9461128198032818,0.0,1.6651696398149864,1.5754383433761718,source_evidence_loss_candidate
nearest_hadron_to_best_lepton,L2_ch0:32,label_Hqql,0,0.0,2,2.3417676257307676,24,1.6327797541027171,2.3417676257307676,0.7089878716280504,0.0,0.0,1.66028484481433,anomalous_third_topology_candidate
best_lepton,L2_ch224:256,label_Tbl,1,10.281598932866473,1,9.379890132860282,18,11.187811910962436,-0.9017088000061904,-1.8079217781021537,0.32113031318687457,0.0,1.630218977037551,anomalous_third_topology_candidate
photon_neighbor,L2_ch0:32,label_Tbl,13,1.218958230195009,0,0.0,41,1.3291613557920663,-1.218958230195009,-1.3291613557920663,0.5233464084245396,0.0,1.620192173899896,anomalous_third_topology_candidate
other_lepton,L2_ch128:160,label_Tbl,0,0.0,1,2.00887136809763,1,2.7576184682271503,2.00887136809763,-0.7487471001295205,1.1487489345651198,0.0,1.5041366113963228,target_like_trigger_candidate
particle0,L2_ch128:160,label_Tbl,1,4.873992368957261,1,2.873595776872776,7,2.1235957766918228,-2.000396592084485,0.750000000180953,1.1430837667872231,0.0,1.5002974444253414,target_like_trigger_candidate
hadron_neighbor,L2_ch160:192,label_Hqql,17,0.48347494725565915,6,-0.8774957737098662,71,-1.8345033168979796,-1.3609707209655253,0.9570075431881134,0.0,1.3609707209655253,1.302459246022173,source_evidence_loss_candidate
best_lepton,L2_ch128:160,label_Tbl,1,8.73290535135311,1,10.138827040901788,21,9.209576111343043,1.405921689548677,0.9292509295587443,0.7287396719670041,0.0,1.3064540368999085,target_like_trigger_candidate
second_lepton,L2_ch0:32,label_Hqql,1,3.3997384534632715,3,2.3204354134904484,28,3.4759030237336526,-1.0793030399728232,-1.1554676102432042,0.0,1.0793030399728232,1.2470997043256236,source_evidence_loss_candidate
nearest_hadron_to_best_lepton,L2_ch0:32,label_Tbl,0,0.0,2,1.7878983556374806,24,1.0982493852307755,1.7878983556374806,0.689648970406705,1.0581478087765925,0.0,1.2330222601572294,target_like_trigger_candidate
nearest_hadron_to_best_lepton,L2_ch128:160,label_Tbl,0,0.0,2,1.8079786362894978,15,2.4212107901014535,1.8079786362894978,-0.6132321538119556,1.120718200426002,0.0,1.1087106331778112,target_like_trigger_candidate
second_lepton,L2_ch32:64,label_Tbl,2,-0.26032539997780013,5,0.14810828898591807,42,2.601056250541837,0.40843368896371823,-2.452947961555919,0.1182855037235127,0.0,1.001866584774317,anomalous_third_topology_candidate
hard_hadron,L2_ch128:160,label_Hqql,25,2.0304942351816133,6,1.283669472584073,51,0.0973583373754856,-0.7468247625975404,1.1863111352085873,0.0,0.7468247625975404,0.8859665319189719,source_evidence_loss_candidate
hardest_hadron,L2_ch32:64,label_Tbl,14,-0.2656662615154803,3,1.0284673384662426,44,1.6842203187065599,1.294133599981723,-0.6557529802403173,0.7815982307903752,0.0,0.8486319650171454,target_like_trigger_candidate
second_lepton,L2_ch32:64,label_Hqql,2,-1.3895464406504772,5,-1.8988299004016056,42,-3.43093476594188,-0.5092834597511284,1.5321048655402743,0.0,0.5092834597511284,0.7802756666238883,source_evidence_loss_candidate
hardest_hadron,L2_ch0:32,label_Tbl,14,2.1394550668609322,4,1.145376901127591,54,1.8655313509035665,-0.9940781657333413,-0.7201544497759755,0.577900528561726,0.0,0.7158898144780054,target_like_trigger_candidate
particle0_best_lepton,L2_ch0:32,label_Hqql,30,6.359356028717504,10,5.658850722546911,107,6.095052919780924,-0.7005053061705926,-0.4362021972340129,0.0,0.7005053061705926,0.3055619537256974,source_evidence_loss_candidate
second_lepton,L2_ch128:160,label_Tbl,2,3.0085767935584045,4,2.164468793258415,35,2.9942935723402657,-0.8441080002999897,-0.8298247790818509,0.46130537194033233,0.0,0.7004617348701618,target_like_trigger_candidate
photon_neighbor,L2_ch160:192,label_Tbl,16,0.5452703325125179,6,-0.09389267549809925,80,0.9776867682773224,-0.6391630080106171,-1.0715794437754216,0.30853897972927957,0.0,0.6849139406058424,anomalous_third_topology_candidate
photon_neighbor,L2_ch128:160,label_Tbl,10,2.051905363344018,1,3.0088402567502612,56,2.551173259037173,0.9569348934062432,0.4576669977130883,0.6564838848019224,0.0,0.4379575196721295,target_like_trigger_candidate
nearest_hadron_to_best_lepton,L2_ch128:160,label_Hqql,0,0.0,2,1.0586685470887431,15,0.4640446749032596,1.0586685470887431,0.5946238721854835,0.0,0.0,0.6295095908308883,anomalous_third_topology_candidate
hard_hadron,L2_ch32:64,label_Tbl,25,0.07390636785024426,5,0.6723535421233862,66,0.8173028378537841,0.5984471742731419,-0.14494929573039794,0.5226844337166688,0.0,0.08674449644273864,target_like_trigger_candidate
hadron_neighbor,L2_ch32:64,label_Hqql,8,0.2054523331246596,6,-0.3158133335438982,45,-0.026376355527111053,-0.5212656666685578,-0.28943697801678714,0.0,0.5212656666685578,0.15087355930445326,source_evidence_loss_candidate
hadron_neighbor,L2_ch128:160,label_Hqql,11,1.8819701271352083,4,1.3933796057118144,52,0.5845284181974122,-0.4885905214233939,0.8088511875144022,0.0,0.4885905214233939,0.39519702346159313,source_evidence_loss_candidate
hard_hadron,L2_ch128:160,label_Tbl,25,1.9985493404362191,6,1.4403414239520391,51,1.7987144878095187,-0.55820791648418,-0.3583730638574796,0.4109385936283165,0.0,0.20004668129993566,target_like_trigger_candidate
hardest_hadron,L2_ch0:32,label_Hqql,14,3.1709554522541055,4,2.8349615938386847,54,2.1542583620767126,-0.33599385841542073,0.6807032317619721,0.0,0.33599385841542073,0.2287121052755514,source_evidence_loss_candidate
particle0_best_lepton,L2_ch160:192,label_Tbl,31,2.7464325862098855,10,3.1225621069824685,107,2.3657168202694234,0.376129520772583,0.7568452867130451,0.21409370740681405,0.0,0.2846718549903658,anomalous_third_topology_candidate
hard_hadron,L2_ch0:32,label_Tbl,31,1.357041022816238,6,1.630970781491488,61,1.5961815322522699,0.27392975867525005,0.03478924923921811,0.2647203368962757,0.0,0.009529810648592143,target_like_trigger_candidate
other_lepton,L2_ch32:64,label_Tbl,0,0.0,1,-0.29883997200366963,2,0.49153891537019234,-0.29883997200366963,-0.790378887373862,0.1669143744439535,0.0,0.23619680457509645,anomalous_third_topology_candidate
second_lepton,L2_ch160:192,label_Tbl,3,0.8335594566718214,3,0.7280697951704459,23,-1.2081320340925898,-0.10548966150137551,1.9362018292630356,0.03592725147502977,0.0,0.20424927556730169,anomalous_third_topology_candidate
particle0_best_lepton,L2_ch0:32,label_Tbl,30,4.433033257455062,10,4.274335732097147,107,5.362930278242269,-0.1586975253579146,-1.0885945461451216,0.0759829262461781,0.0,0.17275726059135296,anomalous_third_topology_candidate
hadron_neighbor,L2_ch224:256,label_Tbl,4,3.7593728849301016,4,3.995071840830242,23,4.525944457509685,0.23569895590014056,-0.5308726166794431,0.15396379380760372,0.0,0.12512612146732027,anomalous_third_topology_candidate
hard_hadron,L2_ch0:32,label_Hqql,31,2.4259539545503905,6,2.2792536494950824,61,1.9462288495865248,-0.14670030505530818,0.3330247999085576,0.0,0.14670030505530818,0.048854839737568365,source_evidence_loss_candidate
hadron_neighbor,L2_ch0:32,label_Tbl,5,1.3239367771882145,7,1.5425566617253565,39,1.0523056436808678,0.2186198845371421,0.4902510180444888,0.1467000403891793,0.0,0.10717862095910251,anomalous_third_topology_candidate
hadron_neighbor,L2_ch0:32,label_Hqql,5,1.7091874828271003,7,1.9819660166888562,39,1.5521540733575405,0.2727785338617559,0.42981194333131567,0.0,0.0,0.11724347173818839,anomalous_third_topology_candidate
hadron_neighbor,L2_ch32:64,label_Tbl,8,0.007525537232462076,6,0.1352326709561531,45,1.0028482541213968,0.12770713372369102,-0.8676155831652437,0.06837977519295077,0.0,0.11080069930004194,anomalous_third_topology_candidate
hardest_hadron,L2_ch128:160,label_Tbl,15,2.6183795878961336,3,2.5135863857610894,41,2.5337633389695227,-0.10479320213504417,-0.020176953208433268,0.1027206131303711,0.0,0.0021144075360406754,target_like_trigger_candidate
hadron_neighbor,L2_ch128:160,label_Tbl,11,2.1082296981399016,4,2.2037736861089705,52,2.195007442487618,0.09554398796906893,0.008766243621352476,0.09471370456060982,0.0,0.0008375618750924283,weak_or_unclear
photon_neighbor,L2_ch32:64,label_Hqql,15,-0.029688801425535812,1,-0.11638677534497788,41,-0.354734949541148,-0.08669797391944206,0.2383481741961701,0.0,0.08669797391944206,0.02066430379020619,weak_or_unclear
hardest_hadron,L2_ch32:64,label_Hqql,14,0.16597947425086648,3,0.5280617968506126,44,0.7559446153966725,0.36208232259974615,-0.22788281854605985,0.0,0.0,0.08251234021973386,weak_or_unclear
photon_neighbor,L2_ch32:64,label_Tbl,15,0.16584498949738252,1,0.08394775689566814,41,1.0062387578830558,-0.08189723260171439,-0.9222910009873877,0.042603972322425555,0.0,0.07553308063433209,weak_or_unclear
hard_hadron,L2_ch160:192,label_Tbl,20,0.7713735397825925,4,0.7449751740913859,26,-0.16456887064493103,-0.02639836569120657,0.909544044736317,0.013824434039096407,0.0,0.024010476305208445,weak_or_unclear
hadron_neighbor,L2_ch160:192,label_Tbl,17,0.3572487151794615,6,0.3821199339146612,71,1.2866296556001475,0.024871218735199707,-0.9045097216854863,0.013059118812577519,0.0,0.02249625913615434,weak_or_unclear
hardest_hadron,L2_ch128:160,label_Hqql,15,2.628856529294774,3,2.637974882915264,41,0.8630249634050693,0.009118353620489739,1.7749499195101945,0.0,0.0,0.01618462102475375,weak_or_unclear
hard_hadron,L2_ch32:64,label_Hqql,25,0.30232455621472953,5,0.32870210035281955,66,0.1799382439914434,0.026377544138090014,0.14876385636137615,0.0,0.0,0.003924025187324682,weak_or_unclear
best_lepton,L1_ch32:48,label_Hqql,0,0.0,0,0.0,2,4.758313046086187,0.0,-4.758313046086187,0.0,0.0,0.0,weak_or_unclear
nearest_hadron_to_best_lepton,L2_ch160:192,label_Tbl,0,0.0,0,0.0,41,1.1336710902374187,0.0,-1.1336710902374187,0.0,0.0,0.0,weak_or_unclear
hardest_hadron,L1_ch80:96,label_Tbl,0,0.0,0,0.0,4,64.82386829762453,0.0,-64.82386829762453,0.0,0.0,0.0,weak_or_unclear
second_lepton,L1_ch32:48,label_Tbl,0,0.0,0,0.0,3,2.849487520535831,0.0,-2.849487520535831,0.0,0.0,0.0,weak_or_unclear
nearest_hadron_to_best_lepton,L2_ch32:64,label_Hqql,0,0.0,0,0.0,8,-0.5840158668887452,0.0,0.5840158668887452,0.0,0.0,0.0,weak_or_unclear
best_lepton,L1_ch32:48,label_Tbl,0,0.0,0,0.0,2,49.231841455861286,0.0,-49.231841455861286,0.0,0.0,0.0,weak_or_unclear
nearest_hadron_to_best_lepton,L2_ch32:64,label_Tbl,0,0.0,0,0.0,8,0.8280736427591595,0.0,-0.8280736427591595,0.0,0.0,0.0,weak_or_unclear
nearest_hadron_to_best_lepton,L2_ch224:256,label_Hqql,0,0.0,0,0.0,6,9.186021123383151,0.0,-9.186021123383151,0.0,0.0,0.0,weak_or_unclear
nearest_hadron_to_best_lepton,L2_ch160:192,label_Hqql,0,0.0,0,0.0,41,-1.7986995996058557,0.0,1.7986995996058557,0.0,0.0,0.0,weak_or_unclear
hardest_hadron,L1_ch80:96,label_Hqql,0,0.0,0,0.0,4,-28.730032441328888,0.0,28.730032441328888,0.0,0.0,0.0,weak_or_unclear
nearest_hadron_to_best_lepton,L2_ch224:256,label_Tbl,0,0.0,0,0.0,6,6.449733759849049,0.0,-6.449733759849049,0.0,0.0,0.0,weak_or_unclear
second_lepton,L1_ch32:48,label_Hqql,0,0.0,0,0.0,3,-61.82128042220726,0.0,61.82128042220726,0.0,0.0,0.0,weak_or_unclear
