source,id,src,dst,relation_type,relation_signal,support_norm,mean_strength_norm,max_strength_norm,lift_norm,confidence_code,has_missing_control,is_particle0_relation,is_core_relation,is_wide_relation,is_head_relation,is_class_relation,is_hypothesis_relation,rtype_run_has_head_signal,rtype_head_supports_hypothesis,rtype_particle_pattern_associated_with_class,rtype_pattern_supports_hypothesis,rtype_task_monitors_hypothesis,class_label_QCD,class_label_Hbb,class_label_Hcc,class_label_Hgg,class_label_H4q,class_label_Hqql,class_label_Zqq,class_label_Wqq,class_label_Tbqq,class_label_Tbl,embedding_json,embedding_dim
relation_edge,rel:615035,pattern:core_high_pt,hypothesis:AH1,pattern_supports_hypothesis,0.9474324892454034,0.9473112724881844,0.0801697723716941,1.0,0.38811027260126285,0.5,1.0,0.0,1.0,0.0,0.0,0.0,1.0,0.0,0.0,0.0,1.0,0.0,0.0,0.0,0.0,0.0,0.0,0.0,0.0,0.0,0.0,0.0,"[0.9474324892454034,0.9473112724881844,0.0801697723716941,1.0,0.38811027260126285,0.5,1.0,0.0,1.0,0.0,0.0,0.0,1.0,0.0,0.0,0.0,0.0,0.0,0.0,0.0,0.0,0.0,0.0]",23
relation_edge,rel:62980890,pattern:particle0,hypothesis:AH1,pattern_supports_hypothesis,0.9288178736074759,0.904302247134405,0.10325846986248842,1.0,0.38372093023255816,0.5,1.0,1.0,0.0,0.0,0.0,0.0,1.0,0.0,0.0,0.0,1.0,0.0,0.0,0.0,0.0,0.0,0.0,0.0,0.0,0.0,0.0,0.0,"[0.9288178736074759,0.904302247134405,0.10325846986248842,1.0,0.38372093023255816,0.5,1.0,1.0,0.0,0.0,0.0,0.0,1.0,0.0,0.0,0.0,0.0,0.0,0.0,0.0,0.0,0.0,0.0]",23
relation_edge,rel:84915225,pattern:particle0,class:label_Hqql,particle_pattern_associated_with_class,0.9038431160933578,0.8683585548682906,0.02687115145116996,0.9890213980948119,0.38372093023255816,0.5,1.0,1.0,0.0,0.0,0.0,1.0,0.0,0.0,0.0,1.0,0.0,0.0,0.0,0.0,0.0,0.0,0.0,1.0,0.0,0.0,0.0,0.0,"[0.9038431160933578,0.8683585548682906,0.02687115145116996,0.9890213980948119,0.38372093023255816,0.5,1.0,1.0,0.0,0.0,0.0,1.0,0.0,0.0,0.0,0.0,0.0,0.0,1.0,0.0,0.0,0.0,0.0]",23
relation_edge,rel:10076667,pattern:core_high_pt,class:label_Hqql,particle_pattern_associated_with_class,0.8883854508361084,0.9134279794279235,0.0195649036012531,0.9509648333216026,0.38811027260126285,0.5,1.0,0.0,1.0,0.0,0.0,1.0,0.0,0.0,0.0,1.0,0.0,0.0,0.0,0.0,0.0,0.0,0.0,1.0,0.0,0.0,0.0,0.0,"[0.8883854508361084,0.9134279794279235,0.0195649036012531,0.9509648333216026,0.38811027260126285,0.5,1.0,0.0,1.0,0.0,0.0,1.0,0.0,0.0,0.0,0.0,0.0,0.0,1.0,0.0,0.0,0.0,0.0]",23
relation_edge,rel:83022541,pattern:charged,class:label_Hqql,particle_pattern_associated_with_class,0.8708412683666057,0.9318043198119388,0.0171623783607562,0.9350414801173051,0.3513650151668352,0.5,1.0,0.0,0.0,0.0,0.0,1.0,0.0,0.0,0.0,1.0,0.0,0.0,0.0,0.0,0.0,0.0,0.0,1.0,0.0,0.0,0.0,0.0,"[0.8708412683666057,0.9318043198119388,0.0171623783607562,0.9350414801173051,0.3513650151668352,0.5,1.0,0.0,0.0,0.0,0.0,1.0,0.0,0.0,0.0,0.0,0.0,0.0,1.0,0.0,0.0,0.0,0.0]",23
relation_edge,rel:15637942,pattern:particle0,class:label_Tbl,particle_pattern_associated_with_class,0.7622853535108443,0.5450133092487028,0.13940066529376732,0.9833326526272856,0.36324786324786323,0.5,1.0,1.0,0.0,0.0,0.0,1.0,0.0,0.0,0.0,1.0,0.0,0.0,0.0,0.0,0.0,0.0,0.0,0.0,0.0,0.0,0.0,1.0,"[0.7622853535108443,0.5450133092487028,0.13940066529376732,0.9833326526272856,0.36324786324786323,0.5,1.0,1.0,0.0,0.0,0.0,1.0,0.0,0.0,0.0,0.0,0.0,0.0,0.0,0.0,0.0,0.0,1.0]",23
relation_edge,rel:33273632,pattern:wide,hypothesis:T6_WIDE_SECONDARY_CONTEXT,pattern_supports_hypothesis,0.7525254963492034,0.5740802179970582,0.271359420107008,0.8485122131032076,1.0,0.5,1.0,0.0,0.0,1.0,0.0,0.0,1.0,0.0,0.0,0.0,1.0,0.0,0.0,0.0,0.0,0.0,0.0,0.0,1.0,0.0,0.0,0.0,"[0.7525254963492034,0.5740802179970582,0.271359420107008,0.8485122131032076,1.0,0.5,1.0,0.0,0.0,1.0,0.0,0.0,1.0,0.0,0.0,0.0,0.0,0.0,0.0,1.0,0.0,0.0,0.0]",23
relation_edge,rel:55165701,pattern:core_high_pt,class:label_Tbl,particle_pattern_associated_with_class,0.7406110999884363,0.5740802179970582,0.11398098963564743,0.9546273020355129,0.33961623365596877,0.5,1.0,0.0,1.0,0.0,0.0,1.0,0.0,0.0,0.0,1.0,0.0,0.0,0.0,0.0,0.0,0.0,0.0,0.0,0.0,0.0,0.0,1.0,"[0.7406110999884363,0.5740802179970582,0.11398098963564743,0.9546273020355129,0.33961623365596877,0.5,1.0,0.0,1.0,0.0,0.0,1.0,0.0,0.0,0.0,0.0,0.0,0.0,0.0,0.0,0.0,0.0,1.0]",23
relation_edge,rel:98344142,pattern:charged,class:label_Tbl,particle_pattern_associated_with_class,0.7262244406508919,0.5992591196328295,0.09612242965920088,0.9331634595636559,0.3205128205128205,0.5,1.0,0.0,0.0,0.0,0.0,1.0,0.0,0.0,0.0,1.0,0.0,0.0,0.0,0.0,0.0,0.0,0.0,0.0,0.0,0.0,0.0,1.0,"[0.7262244406508919,0.5992591196328295,0.09612242965920088,0.9331634595636559,0.3205128205128205,0.5,1.0,0.0,0.0,0.0,0.0,1.0,0.0,0.0,0.0,0.0,0.0,0.0,0.0,0.0,0.0,0.0,1.0]",23
relation_edge,rel:95584632,pattern:other_particle,class:label_Hqql,particle_pattern_associated_with_class,0.6639762401798699,0.7623644761006665,0.0286450709324719,0.766578145443072,0.30642954856361154,0.5,1.0,0.0,0.0,0.0,0.0,1.0,0.0,0.0,0.0,1.0,0.0,0.0,0.0,0.0,0.0,0.0,0.0,1.0,0.0,0.0,0.0,0.0,"[0.6639762401798699,0.7623644761006665,0.0286450709324719,0.766578145443072,0.30642954856361154,0.5,1.0,0.0,0.0,0.0,0.0,1.0,0.0,0.0,0.0,0.0,0.0,0.0,1.0,0.0,0.0,0.0,0.0]",23
relation_edge,rel:25056640,pattern:wide,class:label_Tbl,particle_pattern_associated_with_class,0.6271626520981379,0.3921029580101737,0.19873075059024645,0.7728719262888019,0.8974358974358975,0.5,1.0,0.0,0.0,1.0,0.0,1.0,0.0,0.0,0.0,1.0,0.0,0.0,0.0,0.0,0.0,0.0,0.0,0.0,0.0,0.0,0.0,1.0,"[0.6271626520981379,0.3921029580101737,0.19873075059024645,0.7728719262888019,0.8974358974358975,0.5,1.0,0.0,0.0,1.0,0.0,1.0,0.0,0.0,0.0,0.0,0.0,0.0,0.0,0.0,0.0,0.0,1.0]",23
relation_edge,rel:94907143,pattern:other_particle,class:label_QCD,particle_pattern_associated_with_class,0.6248025840493883,0.3921029580101737,0.19726441939402825,0.7691955440673018,0.6862745098039217,0.5,1.0,0.0,0.0,0.0,0.0,1.0,0.0,0.0,0.0,1.0,0.0,0.0,1.0,0.0,0.0,0.0,0.0,0.0,0.0,0.0,0.0,0.0,"[0.6248025840493883,0.3921029580101737,0.19726441939402825,0.7691955440673018,0.6862745098039217,0.5,1.0,0.0,0.0,0.0,0.0,1.0,0.0,1.0,0.0,0.0,0.0,0.0,0.0,0.0,0.0,0.0,0.0]",23
relation_edge,rel:18165786,pattern:other_particle,class:label_Zqq,particle_pattern_associated_with_class,0.6100912142064758,0.4836511198071519,0.1282262457546671,0.7874097313332996,0.45540796963946867,0.5,1.0,0.0,0.0,0.0,0.0,1.0,0.0,0.0,0.0,1.0,0.0,0.0,0.0,0.0,0.0,0.0,0.0,0.0,1.0,0.0,0.0,0.0,"[0.6100912142064758,0.4836511198071519,0.1282262457546671,0.7874097313332996,0.45540796963946867,0.5,1.0,0.0,0.0,0.0,0.0,1.0,0.0,0.0,0.0,0.0,0.0,0.0,0.0,1.0,0.0,0.0,0.0]",23
relation_edge,rel:8651048,pattern:charged,class:label_Zqq,particle_pattern_associated_with_class,0.5975247852036397,0.5450133092487028,0.0965376853350882,0.8022849456805833,0.29803646563814873,0.5,1.0,0.0,0.0,0.0,0.0,1.0,0.0,0.0,0.0,1.0,0.0,0.0,0.0,0.0,0.0,0.0,0.0,0.0,1.0,0.0,0.0,0.0,"[0.5975247852036397,0.5450133092487028,0.0965376853350882,0.8022849456805833,0.29803646563814873,0.5,1.0,0.0,0.0,0.0,0.0,1.0,0.0,0.0,0.0,0.0,0.0,0.0,0.0,1.0,0.0,0.0,0.0]",23
relation_edge,rel:91934659,pattern:particle0,class:label_Wqq,particle_pattern_associated_with_class,0.5859000024616242,0.13070098600339122,1.0,1.0,0.2777777777777778,0.25,1.0,1.0,0.0,0.0,0.0,1.0,0.0,0.0,0.0,1.0,0.0,0.0,0.0,0.0,0.0,0.0,0.0,0.0,0.0,1.0,0.0,0.0,"[0.5859000024616242,0.13070098600339122,1.0,1.0,0.2777777777777778,0.25,1.0,1.0,0.0,0.0,0.0,1.0,0.0,0.0,0.0,0.0,0.0,0.0,0.0,0.0,1.0,0.0,0.0]",23
relation_edge,rel:8927547,pattern:core_high_pt,class:label_Wqq,particle_pattern_associated_with_class,0.5687918346912048,0.13070098600339122,1.0,1.0,0.2207505518763797,0.25,1.0,0.0,1.0,0.0,0.0,1.0,0.0,0.0,0.0,1.0,0.0,0.0,0.0,0.0,0.0,0.0,0.0,0.0,0.0,1.0,0.0,0.0,"[0.5687918346912048,0.13070098600339122,1.0,1.0,0.2207505518763797,0.25,1.0,0.0,1.0,0.0,0.0,1.0,0.0,0.0,0.0,0.0,0.0,0.0,0.0,0.0,1.0,0.0,0.0]",23
relation_edge,rel:62557451,pattern:wide,class:label_Hqql,particle_pattern_associated_with_class,0.535682334360378,0.46855813362943827,0.13481149231600148,0.7744625976116372,0.25581395348837205,0.5,1.0,0.0,0.0,1.0,0.0,1.0,0.0,0.0,0.0,1.0,0.0,0.0,0.0,0.0,0.0,0.0,0.0,1.0,0.0,0.0,0.0,0.0,"[0.535682334360378,0.46855813362943827,0.13481149231600148,0.7744625976116372,0.25581395348837205,0.5,1.0,0.0,0.0,1.0,0.0,1.0,0.0,0.0,0.0,0.0,0.0,0.0,1.0,0.0,0.0,0.0,0.0]",23
relation_edge,rel:59944988,pattern:particle0,class:label_Zqq,particle_pattern_associated_with_class,0.5337609822131293,0.2071561616226558,0.6851099257164321,0.9835496562225199,0.05376344086021506,0.25,1.0,1.0,0.0,0.0,0.0,1.0,0.0,0.0,0.0,1.0,0.0,0.0,0.0,0.0,0.0,0.0,0.0,0.0,1.0,0.0,0.0,0.0,"[0.5337609822131293,0.2071561616226558,0.6851099257164321,0.9835496562225199,0.05376344086021506,0.25,1.0,1.0,0.0,0.0,0.0,1.0,0.0,0.0,0.0,0.0,0.0,0.0,0.0,1.0,0.0,0.0,0.0]",23
relation_edge,rel:65098973,pattern:core_high_pt,class:label_Zqq,particle_pattern_associated_with_class,0.5242099218834727,0.26140197200678245,0.5071170253967938,0.945600915004044,0.06408886989959411,0.25,1.0,0.0,1.0,0.0,0.0,1.0,0.0,0.0,0.0,1.0,0.0,0.0,0.0,0.0,0.0,0.0,0.0,0.0,1.0,0.0,0.0,0.0,"[0.5242099218834727,0.26140197200678245,0.5071170253967938,0.945600915004044,0.06408886989959411,0.25,1.0,0.0,1.0,0.0,0.0,1.0,0.0,0.0,0.0,0.0,0.0,0.0,0.0,1.0,0.0,0.0,0.0]",23
relation_edge,rel:98210297,pattern:other_particle,class:label_Tbl,particle_pattern_associated_with_class,0.5221814486086707,0.4341792774341453,0.15854497052154606,0.7676433377159412,0.27149321266968324,0.5,1.0,0.0,0.0,0.0,0.0,1.0,0.0,0.0,0.0,1.0,0.0,0.0,0.0,0.0,0.0,0.0,0.0,0.0,0.0,0.0,0.0,1.0,"[0.5221814486086707,0.4341792774341453,0.15854497052154606,0.7676433377159412,0.27149321266968324,0.5,1.0,0.0,0.0,0.0,0.0,1.0,0.0,0.0,0.0,0.0,0.0,0.0,0.0,0.0,0.0,0.0,1.0]",23
relation_edge,rel:72490921,pattern:wide,class:label_Wqq,particle_pattern_associated_with_class,0.5180363966444652,0.13070098600339122,0.7666377347026339,0.7666377347026339,1.0,0.25,1.0,0.0,0.0,1.0,0.0,1.0,0.0,0.0,0.0,1.0,0.0,0.0,0.0,0.0,0.0,0.0,0.0,0.0,0.0,1.0,0.0,0.0,"[0.5180363966444652,0.13070098600339122,0.7666377347026339,0.7666377347026339,1.0,0.25,1.0,0.0,0.0,1.0,0.0,1.0,0.0,0.0,0.0,0.0,0.0,0.0,0.0,0.0,1.0,0.0,0.0]",23
relation_edge,rel:5209384,pattern:particle0,class:label_QCD,particle_pattern_associated_with_class,0.5079383334934234,0.13070098600339122,0.9837865328460649,0.9837865328460649,0.06944444444444445,0.25,1.0,1.0,0.0,0.0,0.0,1.0,0.0,0.0,0.0,1.0,0.0,0.0,1.0,0.0,0.0,0.0,0.0,0.0,0.0,0.0,0.0,0.0,"[0.5079383334934234,0.13070098600339122,0.9837865328460649,0.9837865328460649,0.06944444444444445,0.25,1.0,1.0,0.0,0.0,0.0,1.0,0.0,1.0,0.0,0.0,0.0,0.0,0.0,0.0,0.0,0.0,0.0]",23
relation_edge,rel:22818929,pattern:core_high_pt,class:label_QCD,particle_pattern_associated_with_class,0.5036612915508185,0.13070098600339122,0.9837865328460649,0.9837865328460649,0.05518763796909493,0.25,1.0,0.0,1.0,0.0,0.0,1.0,0.0,0.0,0.0,1.0,0.0,0.0,1.0,0.0,0.0,0.0,0.0,0.0,0.0,0.0,0.0,0.0,"[0.5036612915508185,0.13070098600339122,0.9837865328460649,0.9837865328460649,0.05518763796909493,0.25,1.0,0.0,1.0,0.0,0.0,1.0,0.0,1.0,0.0,0.0,0.0,0.0,0.0,0.0,0.0,0.0,0.0]",23
relation_edge,rel:21419962,pattern:charged,class:label_QCD,particle_pattern_associated_with_class,0.4463660543011453,0.303478291430754,0.3122940324374027,0.7736470133589526,0.1811594202898551,0.25,1.0,0.0,0.0,0.0,0.0,1.0,0.0,0.0,0.0,1.0,0.0,0.0,1.0,0.0,0.0,0.0,0.0,0.0,0.0,0.0,0.0,0.0,"[0.4463660543011453,0.303478291430754,0.3122940324374027,0.7736470133589526,0.1811594202898551,0.25,1.0,0.0,0.0,0.0,0.0,1.0,0.0,1.0,0.0,0.0,0.0,0.0,0.0,0.0,0.0,0.0,0.0]",23
relation_edge,rel:56317590,pattern:other_particle,class:label_Wqq,particle_pattern_associated_with_class,0.44377113103943616,0.13070098600339122,0.7791936115661774,0.7791936115661774,0.39215686274509814,0.25,1.0,0.0,0.0,0.0,0.0,1.0,0.0,0.0,0.0,1.0,0.0,0.0,0.0,0.0,0.0,0.0,0.0,0.0,0.0,1.0,0.0,0.0,"[0.44377113103943616,0.13070098600339122,0.7791936115661774,0.7791936115661774,0.39215686274509814,0.25,1.0,0.0,0.0,0.0,0.0,1.0,0.0,0.0,0.0,0.0,0.0,0.0,0.0,0.0,1.0,0.0,0.0]",23
relation_edge,rel:72467375,pattern:wide,class:label_Zqq,particle_pattern_associated_with_class,0.42258976558204975,0.13070098600339122,0.8485122131032076,0.8485122131032076,0.16129032258064516,0.25,1.0,0.0,0.0,1.0,0.0,1.0,0.0,0.0,0.0,1.0,0.0,0.0,0.0,0.0,0.0,0.0,0.0,0.0,1.0,0.0,0.0,0.0,"[0.42258976558204975,0.13070098600339122,0.8485122131032076,0.8485122131032076,0.16129032258064516,0.25,1.0,0.0,0.0,1.0,0.0,1.0,0.0,0.0,0.0,0.0,0.0,0.0,0.0,1.0,0.0,0.0,0.0]",23
relation_edge,rel:15645609,pattern:charged,class:label_Wqq,particle_pattern_associated_with_class,0.3723842227314217,0.13070098600339122,0.7666377347026339,0.7666377347026339,0.1811594202898551,0.25,1.0,0.0,0.0,0.0,0.0,1.0,0.0,0.0,0.0,1.0,0.0,0.0,0.0,0.0,0.0,0.0,0.0,0.0,0.0,1.0,0.0,0.0,"[0.3723842227314217,0.13070098600339122,0.7666377347026339,0.7666377347026339,0.1811594202898551,0.25,1.0,0.0,0.0,0.0,0.0,1.0,0.0,0.0,0.0,0.0,0.0,0.0,0.0,0.0,1.0,0.0,0.0]",23
relation_edge,rel:95372335,task:T1_PARTICLE0_SHORTCUT_OR_CORE_ANCHOR,hypothesis:AH1,task_monitors_hypothesis,0.2425666691282908,0.13070098600339122,0.3868528072345416,0.3868528072345416,0.3333333333333333,1.0,1.0,0.0,0.0,0.0,0.0,0.0,1.0,0.0,0.0,0.0,0.0,1.0,0.0,0.0,0.0,0.0,0.0,0.0,0.0,0.0,0.0,0.0,"[0.2425666691282908,0.13070098600339122,0.3868528072345416,0.3868528072345416,0.3333333333333333,1.0,1.0,0.0,0.0,0.0,0.0,0.0,1.0,0.0,0.0,0.0,0.0,0.0,0.0,0.0,0.0,0.0,0.0]",23
relation_edge,rel:61480278,task:T3_NEGATIVE_SUPPRESSIVE_GATES,hypothesis:NEGATIVE_GATES,task_monitors_hypothesis,0.2425666691282908,0.13070098600339122,0.3868528072345416,0.3868528072345416,0.3333333333333333,1.0,1.0,0.0,0.0,0.0,0.0,0.0,1.0,0.0,0.0,0.0,0.0,1.0,0.0,0.0,0.0,0.0,0.0,0.0,0.0,0.0,0.0,0.0,"[0.2425666691282908,0.13070098600339122,0.3868528072345416,0.3868528072345416,0.3333333333333333,1.0,1.0,0.0,0.0,0.0,0.0,0.0,1.0,0.0,0.0,0.0,0.0,0.0,0.0,0.0,0.0,0.0,0.0]",23
relation_edge,rel:38978510,task:T5_PATCH_VS_GRADIENT_DIVERGENCE,hypothesis:AH3,task_monitors_hypothesis,0.2425666691282908,0.13070098600339122,0.3868528072345416,0.3868528072345416,0.3333333333333333,1.0,1.0,0.0,0.0,0.0,0.0,0.0,1.0,0.0,0.0,0.0,0.0,1.0,0.0,0.0,0.0,0.0,0.0,0.0,0.0,0.0,0.0,0.0,"[0.2425666691282908,0.13070098600339122,0.3868528072345416,0.3868528072345416,0.3333333333333333,1.0,1.0,0.0,0.0,0.0,0.0,0.0,1.0,0.0,0.0,0.0,0.0,0.0,0.0,0.0,0.0,0.0,0.0]",23
relation_edge,rel:36706425,task:T4_HQQL_TBL_SIGNATURE,hypothesis:AH2,task_monitors_hypothesis,0.2391916691282908,0.13070098600339122,0.3762888837779665,0.3762888837779665,0.3333333333333333,1.0,1.0,0.0,0.0,0.0,0.0,0.0,1.0,0.0,0.0,0.0,0.0,1.0,0.0,0.0,0.0,0.0,0.0,0.0,0.0,0.0,0.0,0.0,"[0.2391916691282908,0.13070098600339122,0.3762888837779665,0.3762888837779665,0.3333333333333333,1.0,1.0,0.0,0.0,0.0,0.0,0.0,1.0,0.0,0.0,0.0,0.0,0.0,0.0,0.0,0.0,0.0,0.0]",23
relation_edge,rel:13165000,task:T2_HEAD_RANK_STABILITY,hypothesis:AH4,task_monitors_hypothesis,0.23870952627114794,0.13070098600339122,0.3747632956939598,0.3747632956939598,0.3333333333333333,1.0,1.0,0.0,0.0,0.0,0.0,0.0,1.0,0.0,0.0,0.0,0.0,1.0,0.0,0.0,0.0,0.0,0.0,0.0,0.0,0.0,0.0,0.0,"[0.23870952627114794,0.13070098600339122,0.3747632956939598,0.3747632956939598,0.3333333333333333,1.0,1.0,0.0,0.0,0.0,0.0,0.0,1.0,0.0,0.0,0.0,0.0,0.0,0.0,0.0,0.0,0.0,0.0]",23
relation_edge,rel:70634092,run:latest,head:L1_ch112:128,run_has_head_signal,0.2307700857382237,0.13070098600339122,0.34902251140534507,0.34902251140534507,0.3333333333333333,0.5,1.0,0.0,0.0,0.0,1.0,0.0,0.0,1.0,0.0,0.0,0.0,0.0,0.0,0.0,0.0,0.0,0.0,0.0,0.0,0.0,0.0,0.0,"[0.2307700857382237,0.13070098600339122,0.34902251140534507,0.34902251140534507,0.3333333333333333,0.5,1.0,0.0,0.0,0.0,1.0,0.0,0.0,0.0,0.0,0.0,0.0,0.0,0.0,0.0,0.0,0.0,0.0]",23
relation_edge,rel:87929151,head:L1_ch112:128,hypothesis:AH4,head_supports_hypothesis,0.2307700857382237,0.13070098600339122,0.34902251140534507,0.34902251140534507,0.3333333333333333,0.5,1.0,0.0,0.0,0.0,1.0,0.0,1.0,0.0,1.0,0.0,0.0,0.0,0.0,0.0,0.0,0.0,0.0,0.0,0.0,0.0,0.0,0.0,"[0.2307700857382237,0.13070098600339122,0.34902251140534507,0.34902251140534507,0.3333333333333333,0.5,1.0,0.0,0.0,0.0,1.0,0.0,1.0,0.0,0.0,0.0,0.0,0.0,0.0,0.0,0.0,0.0,0.0]",23
relation_edge,rel:83295940,run:latest,head:L1_ch16:32,run_has_head_signal,0.21988843461532948,0.13070098600339122,0.31169557578950585,0.31169557578950585,0.3333333333333333,0.5,1.0,0.0,0.0,0.0,1.0,0.0,0.0,1.0,0.0,0.0,0.0,0.0,0.0,0.0,0.0,0.0,0.0,0.0,0.0,0.0,0.0,0.0,"[0.21988843461532948,0.13070098600339122,0.31169557578950585,0.31169557578950585,0.3333333333333333,0.5,1.0,0.0,0.0,0.0,1.0,0.0,0.0,0.0,0.0,0.0,0.0,0.0,0.0,0.0,0.0,0.0,0.0]",23
relation_edge,rel:71525141,head:L1_ch16:32,hypothesis:AH4,head_supports_hypothesis,0.21988843461532948,0.13070098600339122,0.31169557578950585,0.31169557578950585,0.3333333333333333,0.5,1.0,0.0,0.0,0.0,1.0,0.0,1.0,0.0,1.0,0.0,0.0,0.0,0.0,0.0,0.0,0.0,0.0,0.0,0.0,0.0,0.0,0.0,"[0.21988843461532948,0.13070098600339122,0.31169557578950585,0.31169557578950585,0.3333333333333333,0.5,1.0,0.0,0.0,0.0,1.0,0.0,1.0,0.0,0.0,0.0,0.0,0.0,0.0,0.0,0.0,0.0,0.0]",23
relation_edge,rel:60953336,run:latest,head:L0_ch40:48,run_has_head_signal,0.21696766829159736,0.13070098600339122,0.3012365486406215,0.3012365486406215,0.3333333333333333,0.5,1.0,0.0,0.0,0.0,1.0,0.0,0.0,1.0,0.0,0.0,0.0,0.0,0.0,0.0,0.0,0.0,0.0,0.0,0.0,0.0,0.0,0.0,"[0.21696766829159736,0.13070098600339122,0.3012365486406215,0.3012365486406215,0.3333333333333333,0.5,1.0,0.0,0.0,0.0,1.0,0.0,0.0,0.0,0.0,0.0,0.0,0.0,0.0,0.0,0.0,0.0,0.0]",23
relation_edge,rel:69039514,head:L0_ch40:48,hypothesis:AH4,head_supports_hypothesis,0.21696766829159736,0.13070098600339122,0.3012365486406215,0.3012365486406215,0.3333333333333333,0.5,1.0,0.0,0.0,0.0,1.0,0.0,1.0,0.0,1.0,0.0,0.0,0.0,0.0,0.0,0.0,0.0,0.0,0.0,0.0,0.0,0.0,0.0,"[0.21696766829159736,0.13070098600339122,0.3012365486406215,0.3012365486406215,0.3333333333333333,0.5,1.0,0.0,0.0,0.0,1.0,0.0,1.0,0.0,0.0,0.0,0.0,0.0,0.0,0.0,0.0,0.0,0.0]",23
relation_edge,rel:81465,run:latest,head:L2_ch224:256,run_has_head_signal,0.21631583385529074,0.13070098600339122,0.29887538638341987,0.29887538638341987,0.3333333333333333,0.5,1.0,0.0,0.0,0.0,1.0,0.0,0.0,1.0,0.0,0.0,0.0,0.0,0.0,0.0,0.0,0.0,0.0,0.0,0.0,0.0,0.0,0.0,"[0.21631583385529074,0.13070098600339122,0.29887538638341987,0.29887538638341987,0.3333333333333333,0.5,1.0,0.0,0.0,0.0,1.0,0.0,0.0,0.0,0.0,0.0,0.0,0.0,0.0,0.0,0.0,0.0,0.0]",23
relation_edge,rel:37166191,head:L2_ch224:256,hypothesis:AH4,head_supports_hypothesis,0.21631583385529074,0.13070098600339122,0.29887538638341987,0.29887538638341987,0.3333333333333333,0.5,1.0,0.0,0.0,0.0,1.0,0.0,1.0,0.0,1.0,0.0,0.0,0.0,0.0,0.0,0.0,0.0,0.0,0.0,0.0,0.0,0.0,0.0,"[0.21631583385529074,0.13070098600339122,0.29887538638341987,0.29887538638341987,0.3333333333333333,0.5,1.0,0.0,0.0,0.0,1.0,0.0,1.0,0.0,0.0,0.0,0.0,0.0,0.0,0.0,0.0,0.0,0.0]",23
relation_edge,rel:57750836,run:latest,head:L0_ch48:56,run_has_head_signal,0.18648495492286873,0.13070098600339122,0.17849086220181054,0.17849086220181054,0.3333333333333333,0.5,1.0,0.0,0.0,0.0,1.0,0.0,0.0,1.0,0.0,0.0,0.0,0.0,0.0,0.0,0.0,0.0,0.0,0.0,0.0,0.0,0.0,0.0,"[0.18648495492286873,0.13070098600339122,0.17849086220181054,0.17849086220181054,0.3333333333333333,0.5,1.0,0.0,0.0,0.0,1.0,0.0,0.0,0.0,0.0,0.0,0.0,0.0,0.0,0.0,0.0,0.0,0.0]",23
relation_edge,rel:25100055,head:L0_ch48:56,hypothesis:AH4,head_supports_hypothesis,0.18648495492286873,0.13070098600339122,0.17849086220181054,0.17849086220181054,0.3333333333333333,0.5,1.0,0.0,0.0,0.0,1.0,0.0,1.0,0.0,1.0,0.0,0.0,0.0,0.0,0.0,0.0,0.0,0.0,0.0,0.0,0.0,0.0,0.0,"[0.18648495492286873,0.13070098600339122,0.17849086220181054,0.17849086220181054,0.3333333333333333,0.5,1.0,0.0,0.0,0.0,1.0,0.0,1.0,0.0,0.0,0.0,0.0,0.0,0.0,0.0,0.0,0.0,0.0]",23
relation_edge,rel:95626005,run:latest,head:L0_ch8:16,run_has_head_signal,0.1847564243287284,0.13070098600339122,0.17065099518865878,0.17065099518865878,0.3333333333333333,0.5,1.0,0.0,0.0,0.0,1.0,0.0,0.0,1.0,0.0,0.0,0.0,0.0,0.0,0.0,0.0,0.0,0.0,0.0,0.0,0.0,0.0,0.0,"[0.1847564243287284,0.13070098600339122,0.17065099518865878,0.17065099518865878,0.3333333333333333,0.5,1.0,0.0,0.0,0.0,1.0,0.0,0.0,0.0,0.0,0.0,0.0,0.0,0.0,0.0,0.0,0.0,0.0]",23
relation_edge,rel:77911303,head:L0_ch8:16,hypothesis:AH4,head_supports_hypothesis,0.1847564243287284,0.13070098600339122,0.17065099518865878,0.17065099518865878,0.3333333333333333,0.5,1.0,0.0,0.0,0.0,1.0,0.0,1.0,0.0,1.0,0.0,0.0,0.0,0.0,0.0,0.0,0.0,0.0,0.0,0.0,0.0,0.0,0.0,"[0.1847564243287284,0.13070098600339122,0.17065099518865878,0.17065099518865878,0.3333333333333333,0.5,1.0,0.0,0.0,0.0,1.0,0.0,1.0,0.0,0.0,0.0,0.0,0.0,0.0,0.0,0.0,0.0,0.0]",23
relation_edge,rel:36779420,run:latest,head:L2_ch128:160,run_has_head_signal,0.1833566925765312,0.13070098600339122,0.16422071682294095,0.16422071682294095,0.3333333333333333,0.5,1.0,0.0,0.0,0.0,1.0,0.0,0.0,1.0,0.0,0.0,0.0,0.0,0.0,0.0,0.0,0.0,0.0,0.0,0.0,0.0,0.0,0.0,"[0.1833566925765312,0.13070098600339122,0.16422071682294095,0.16422071682294095,0.3333333333333333,0.5,1.0,0.0,0.0,0.0,1.0,0.0,0.0,0.0,0.0,0.0,0.0,0.0,0.0,0.0,0.0,0.0,0.0]",23
relation_edge,rel:1278512,head:L2_ch128:160,hypothesis:AH4,head_supports_hypothesis,0.1833566925765312,0.13070098600339122,0.16422071682294095,0.16422071682294095,0.3333333333333333,0.5,1.0,0.0,0.0,0.0,1.0,0.0,1.0,0.0,1.0,0.0,0.0,0.0,0.0,0.0,0.0,0.0,0.0,0.0,0.0,0.0,0.0,0.0,"[0.1833566925765312,0.13070098600339122,0.16422071682294095,0.16422071682294095,0.3333333333333333,0.5,1.0,0.0,0.0,0.0,1.0,0.0,1.0,0.0,0.0,0.0,0.0,0.0,0.0,0.0,0.0,0.0,0.0]",23
relation_edge,rel:54753192,run:latest,head:L2_ch64:96,run_has_head_signal,0.18007477000018973,0.13070098600339122,0.14884676712939554,0.14884676712939554,0.3333333333333333,0.5,1.0,0.0,0.0,0.0,1.0,0.0,0.0,1.0,0.0,0.0,0.0,0.0,0.0,0.0,0.0,0.0,0.0,0.0,0.0,0.0,0.0,0.0,"[0.18007477000018973,0.13070098600339122,0.14884676712939554,0.14884676712939554,0.3333333333333333,0.5,1.0,0.0,0.0,0.0,1.0,0.0,0.0,0.0,0.0,0.0,0.0,0.0,0.0,0.0,0.0,0.0,0.0]",23
relation_edge,rel:36199915,head:L2_ch64:96,hypothesis:AH4,head_supports_hypothesis,0.18007477000018973,0.13070098600339122,0.14884676712939554,0.14884676712939554,0.3333333333333333,0.5,1.0,0.0,0.0,0.0,1.0,0.0,1.0,0.0,1.0,0.0,0.0,0.0,0.0,0.0,0.0,0.0,0.0,0.0,0.0,0.0,0.0,0.0,"[0.18007477000018973,0.13070098600339122,0.14884676712939554,0.14884676712939554,0.3333333333333333,0.5,1.0,0.0,0.0,0.0,1.0,0.0,1.0,0.0,0.0,0.0,0.0,0.0,0.0,0.0,0.0,0.0,0.0]",23
relation_edge,rel:12464022,run:latest,head:L2_ch0:32,run_has_head_signal,0.17606368460185823,0.13070098600339122,0.12946317563390916,0.12946317563390916,0.3333333333333333,0.5,1.0,0.0,0.0,0.0,1.0,0.0,0.0,1.0,0.0,0.0,0.0,0.0,0.0,0.0,0.0,0.0,0.0,0.0,0.0,0.0,0.0,0.0,"[0.17606368460185823,0.13070098600339122,0.12946317563390916,0.12946317563390916,0.3333333333333333,0.5,1.0,0.0,0.0,0.0,1.0,0.0,0.0,0.0,0.0,0.0,0.0,0.0,0.0,0.0,0.0,0.0,0.0]",23
relation_edge,rel:61970141,head:L2_ch0:32,hypothesis:AH4,head_supports_hypothesis,0.17606368460185823,0.13070098600339122,0.12946317563390916,0.12946317563390916,0.3333333333333333,0.5,1.0,0.0,0.0,0.0,1.0,0.0,1.0,0.0,1.0,0.0,0.0,0.0,0.0,0.0,0.0,0.0,0.0,0.0,0.0,0.0,0.0,0.0,"[0.17606368460185823,0.13070098600339122,0.12946317563390916,0.12946317563390916,0.3333333333333333,0.5,1.0,0.0,0.0,0.0,1.0,0.0,1.0,0.0,0.0,0.0,0.0,0.0,0.0,0.0,0.0,0.0,0.0]",23
relation_edge,rel:46792272,run:latest,head:L0_ch24:32,run_has_head_signal,0.17300990992005372,0.13070098600339122,0.11424081422891806,0.11424081422891806,0.3333333333333333,0.5,1.0,0.0,0.0,0.0,1.0,0.0,0.0,1.0,0.0,0.0,0.0,0.0,0.0,0.0,0.0,0.0,0.0,0.0,0.0,0.0,0.0,0.0,"[0.17300990992005372,0.13070098600339122,0.11424081422891806,0.11424081422891806,0.3333333333333333,0.5,1.0,0.0,0.0,0.0,1.0,0.0,0.0,0.0,0.0,0.0,0.0,0.0,0.0,0.0,0.0,0.0,0.0]",23
relation_edge,rel:32240317,head:L0_ch24:32,hypothesis:AH4,head_supports_hypothesis,0.17300990992005372,0.13070098600339122,0.11424081422891806,0.11424081422891806,0.3333333333333333,0.5,1.0,0.0,0.0,0.0,1.0,0.0,1.0,0.0,1.0,0.0,0.0,0.0,0.0,0.0,0.0,0.0,0.0,0.0,0.0,0.0,0.0,0.0,"[0.17300990992005372,0.13070098600339122,0.11424081422891806,0.11424081422891806,0.3333333333333333,0.5,1.0,0.0,0.0,0.0,1.0,0.0,1.0,0.0,0.0,0.0,0.0,0.0,0.0,0.0,0.0,0.0,0.0]",23
relation_edge,rel:84839404,run:latest,head:L1_ch32:48,run_has_head_signal,0.1715345991601147,0.13070098600339122,0.10673528004212797,0.10673528004212797,0.3333333333333333,0.5,1.0,0.0,0.0,0.0,1.0,0.0,0.0,1.0,0.0,0.0,0.0,0.0,0.0,0.0,0.0,0.0,0.0,0.0,0.0,0.0,0.0,0.0,"[0.1715345991601147,0.13070098600339122,0.10673528004212797,0.10673528004212797,0.3333333333333333,0.5,1.0,0.0,0.0,0.0,1.0,0.0,0.0,0.0,0.0,0.0,0.0,0.0,0.0,0.0,0.0,0.0,0.0]",23
relation_edge,rel:22994260,head:L1_ch32:48,hypothesis:AH4,head_supports_hypothesis,0.1715345991601147,0.13070098600339122,0.10673528004212797,0.10673528004212797,0.3333333333333333,0.5,1.0,0.0,0.0,0.0,1.0,0.0,1.0,0.0,1.0,0.0,0.0,0.0,0.0,0.0,0.0,0.0,0.0,0.0,0.0,0.0,0.0,0.0,"[0.1715345991601147,0.13070098600339122,0.10673528004212797,0.10673528004212797,0.3333333333333333,0.5,1.0,0.0,0.0,0.0,1.0,0.0,1.0,0.0,0.0,0.0,0.0,0.0,0.0,0.0,0.0,0.0,0.0]",23
relation_edge,rel:65979142,run:latest,head:L0_ch0:8,run_has_head_signal,0.17094340906134436,0.13070098600339122,0.10369908605378118,0.10369908605378118,0.3333333333333333,0.5,1.0,0.0,0.0,0.0,1.0,0.0,0.0,1.0,0.0,0.0,0.0,0.0,0.0,0.0,0.0,0.0,0.0,0.0,0.0,0.0,0.0,0.0,"[0.17094340906134436,0.13070098600339122,0.10369908605378118,0.10369908605378118,0.3333333333333333,0.5,1.0,0.0,0.0,0.0,1.0,0.0,0.0,0.0,0.0,0.0,0.0,0.0,0.0,0.0,0.0,0.0,0.0]",23
relation_edge,rel:76906160,head:L0_ch0:8,hypothesis:NEGATIVE_GATES,head_supports_hypothesis,0.17094340906134436,0.13070098600339122,0.10369908605378118,0.10369908605378118,0.3333333333333333,0.5,1.0,0.0,0.0,0.0,1.0,0.0,1.0,0.0,1.0,0.0,0.0,0.0,0.0,0.0,0.0,0.0,0.0,0.0,0.0,0.0,0.0,0.0,"[0.17094340906134436,0.13070098600339122,0.10369908605378118,0.10369908605378118,0.3333333333333333,0.5,1.0,0.0,0.0,0.0,1.0,0.0,1.0,0.0,0.0,0.0,0.0,0.0,0.0,0.0,0.0,0.0,0.0]",23
relation_edge,rel:89031402,head:L0_ch0:8,hypothesis:AH4,head_supports_hypothesis,0.17094340906134436,0.13070098600339122,0.10369908605378118,0.10369908605378118,0.3333333333333333,0.5,1.0,0.0,0.0,0.0,1.0,0.0,1.0,0.0,1.0,0.0,0.0,0.0,0.0,0.0,0.0,0.0,0.0,0.0,0.0,0.0,0.0,0.0,"[0.17094340906134436,0.13070098600339122,0.10369908605378118,0.10369908605378118,0.3333333333333333,0.5,1.0,0.0,0.0,0.0,1.0,0.0,1.0,0.0,0.0,0.0,0.0,0.0,0.0,0.0,0.0,0.0,0.0]",23
relation_edge,rel:57858806,run:latest,head:L1_ch64:80,run_has_head_signal,0.1690841609623398,0.13070098600339122,0.0940413860230385,0.0940413860230385,0.3333333333333333,0.5,1.0,0.0,0.0,0.0,1.0,0.0,0.0,1.0,0.0,0.0,0.0,0.0,0.0,0.0,0.0,0.0,0.0,0.0,0.0,0.0,0.0,0.0,"[0.1690841609623398,0.13070098600339122,0.0940413860230385,0.0940413860230385,0.3333333333333333,0.5,1.0,0.0,0.0,0.0,1.0,0.0,0.0,0.0,0.0,0.0,0.0,0.0,0.0,0.0,0.0,0.0,0.0]",23
relation_edge,rel:83927559,head:L1_ch64:80,hypothesis:NEGATIVE_GATES,head_supports_hypothesis,0.1690841609623398,0.13070098600339122,0.0940413860230385,0.0940413860230385,0.3333333333333333,0.5,1.0,0.0,0.0,0.0,1.0,0.0,1.0,0.0,1.0,0.0,0.0,0.0,0.0,0.0,0.0,0.0,0.0,0.0,0.0,0.0,0.0,0.0,"[0.1690841609623398,0.13070098600339122,0.0940413860230385,0.0940413860230385,0.3333333333333333,0.5,1.0,0.0,0.0,0.0,1.0,0.0,1.0,0.0,0.0,0.0,0.0,0.0,0.0,0.0,0.0,0.0,0.0]",23
relation_edge,rel:84641400,head:L1_ch64:80,hypothesis:AH4,head_supports_hypothesis,0.1690841609623398,0.13070098600339122,0.0940413860230385,0.0940413860230385,0.3333333333333333,0.5,1.0,0.0,0.0,0.0,1.0,0.0,1.0,0.0,1.0,0.0,0.0,0.0,0.0,0.0,0.0,0.0,0.0,0.0,0.0,0.0,0.0,0.0,"[0.1690841609623398,0.13070098600339122,0.0940413860230385,0.0940413860230385,0.3333333333333333,0.5,1.0,0.0,0.0,0.0,1.0,0.0,1.0,0.0,0.0,0.0,0.0,0.0,0.0,0.0,0.0,0.0,0.0]",23
relation_edge,rel:87260099,run:latest,head:L1_ch80:96,run_has_head_signal,0.16779632886779422,0.13070098600339122,0.08725251888375075,0.08725251888375075,0.3333333333333333,0.5,1.0,0.0,0.0,0.0,1.0,0.0,0.0,1.0,0.0,0.0,0.0,0.0,0.0,0.0,0.0,0.0,0.0,0.0,0.0,0.0,0.0,0.0,"[0.16779632886779422,0.13070098600339122,0.08725251888375075,0.08725251888375075,0.3333333333333333,0.5,1.0,0.0,0.0,0.0,1.0,0.0,0.0,0.0,0.0,0.0,0.0,0.0,0.0,0.0,0.0,0.0,0.0]",23
relation_edge,rel:25591823,head:L1_ch80:96,hypothesis:NEGATIVE_GATES,head_supports_hypothesis,0.16779632886779422,0.13070098600339122,0.08725251888375075,0.08725251888375075,0.3333333333333333,0.5,1.0,0.0,0.0,0.0,1.0,0.0,1.0,0.0,1.0,0.0,0.0,0.0,0.0,0.0,0.0,0.0,0.0,0.0,0.0,0.0,0.0,0.0,"[0.16779632886779422,0.13070098600339122,0.08725251888375075,0.08725251888375075,0.3333333333333333,0.5,1.0,0.0,0.0,0.0,1.0,0.0,1.0,0.0,0.0,0.0,0.0,0.0,0.0,0.0,0.0,0.0,0.0]",23
relation_edge,rel:38767006,head:L1_ch80:96,hypothesis:AH4,head_supports_hypothesis,0.16779632886779422,0.13070098600339122,0.08725251888375075,0.08725251888375075,0.3333333333333333,0.5,1.0,0.0,0.0,0.0,1.0,0.0,1.0,0.0,1.0,0.0,0.0,0.0,0.0,0.0,0.0,0.0,0.0,0.0,0.0,0.0,0.0,0.0,"[0.16779632886779422,0.13070098600339122,0.08725251888375075,0.08725251888375075,0.3333333333333333,0.5,1.0,0.0,0.0,0.0,1.0,0.0,1.0,0.0,0.0,0.0,0.0,0.0,0.0,0.0,0.0,0.0,0.0]",23
relation_edge,rel:9903482,run:latest,head:L1_ch48:64,run_has_head_signal,0.16486025832376747,0.13070098600339122,0.07145899667434427,0.07145899667434427,0.3333333333333333,0.5,1.0,0.0,0.0,0.0,1.0,0.0,0.0,1.0,0.0,0.0,0.0,0.0,0.0,0.0,0.0,0.0,0.0,0.0,0.0,0.0,0.0,0.0,"[0.16486025832376747,0.13070098600339122,0.07145899667434427,0.07145899667434427,0.3333333333333333,0.5,1.0,0.0,0.0,0.0,1.0,0.0,0.0,0.0,0.0,0.0,0.0,0.0,0.0,0.0,0.0,0.0,0.0]",23
relation_edge,rel:77268084,head:L1_ch48:64,hypothesis:AH4,head_supports_hypothesis,0.16486025832376747,0.13070098600339122,0.07145899667434427,0.07145899667434427,0.3333333333333333,0.5,1.0,0.0,0.0,0.0,1.0,0.0,1.0,0.0,1.0,0.0,0.0,0.0,0.0,0.0,0.0,0.0,0.0,0.0,0.0,0.0,0.0,0.0,"[0.16486025832376747,0.13070098600339122,0.07145899667434427,0.07145899667434427,0.3333333333333333,0.5,1.0,0.0,0.0,0.0,1.0,0.0,1.0,0.0,0.0,0.0,0.0,0.0,0.0,0.0,0.0,0.0,0.0]",23
relation_edge,rel:35626882,run:latest,head:L2_ch32:64,run_has_head_signal,0.16432275699682342,0.13070098600339122,0.06851867448885963,0.06851867448885963,0.3333333333333333,0.5,1.0,0.0,0.0,0.0,1.0,0.0,0.0,1.0,0.0,0.0,0.0,0.0,0.0,0.0,0.0,0.0,0.0,0.0,0.0,0.0,0.0,0.0,"[0.16432275699682342,0.13070098600339122,0.06851867448885963,0.06851867448885963,0.3333333333333333,0.5,1.0,0.0,0.0,0.0,1.0,0.0,0.0,0.0,0.0,0.0,0.0,0.0,0.0,0.0,0.0,0.0,0.0]",23
relation_edge,rel:96282672,head:L2_ch32:64,hypothesis:NEGATIVE_GATES,head_supports_hypothesis,0.16432275699682342,0.13070098600339122,0.06851867448885963,0.06851867448885963,0.3333333333333333,0.5,1.0,0.0,0.0,0.0,1.0,0.0,1.0,0.0,1.0,0.0,0.0,0.0,0.0,0.0,0.0,0.0,0.0,0.0,0.0,0.0,0.0,0.0,"[0.16432275699682342,0.13070098600339122,0.06851867448885963,0.06851867448885963,0.3333333333333333,0.5,1.0,0.0,0.0,0.0,1.0,0.0,1.0,0.0,0.0,0.0,0.0,0.0,0.0,0.0,0.0,0.0,0.0]",23
relation_edge,rel:78425085,head:L2_ch32:64,hypothesis:AH4,head_supports_hypothesis,0.16432275699682342,0.13070098600339122,0.06851867448885963,0.06851867448885963,0.3333333333333333,0.5,1.0,0.0,0.0,0.0,1.0,0.0,1.0,0.0,1.0,0.0,0.0,0.0,0.0,0.0,0.0,0.0,0.0,0.0,0.0,0.0,0.0,0.0,"[0.16432275699682342,0.13070098600339122,0.06851867448885963,0.06851867448885963,0.3333333333333333,0.5,1.0,0.0,0.0,0.0,1.0,0.0,1.0,0.0,0.0,0.0,0.0,0.0,0.0,0.0,0.0,0.0,0.0]",23
relation_edge,rel:75195276,run:latest,head:L0_ch32:40,run_has_head_signal,0.1626889337651095,0.13070098600339122,0.05948477852807648,0.05948477852807648,0.3333333333333333,0.5,1.0,0.0,0.0,0.0,1.0,0.0,0.0,1.0,0.0,0.0,0.0,0.0,0.0,0.0,0.0,0.0,0.0,0.0,0.0,0.0,0.0,0.0,"[0.1626889337651095,0.13070098600339122,0.05948477852807648,0.05948477852807648,0.3333333333333333,0.5,1.0,0.0,0.0,0.0,1.0,0.0,0.0,0.0,0.0,0.0,0.0,0.0,0.0,0.0,0.0,0.0,0.0]",23
relation_edge,rel:41825725,head:L0_ch32:40,hypothesis:AH4,head_supports_hypothesis,0.1626889337651095,0.13070098600339122,0.05948477852807648,0.05948477852807648,0.3333333333333333,0.5,1.0,0.0,0.0,0.0,1.0,0.0,1.0,0.0,1.0,0.0,0.0,0.0,0.0,0.0,0.0,0.0,0.0,0.0,0.0,0.0,0.0,0.0,"[0.1626889337651095,0.13070098600339122,0.05948477852807648,0.05948477852807648,0.3333333333333333,0.5,1.0,0.0,0.0,0.0,1.0,0.0,1.0,0.0,0.0,0.0,0.0,0.0,0.0,0.0,0.0,0.0,0.0]",23
relation_edge,rel:74634897,run:latest,head:L0_ch16:24,run_has_head_signal,0.1606300374669603,0.13070098600339122,0.04788824423633529,0.04788824423633529,0.3333333333333333,0.5,1.0,0.0,0.0,0.0,1.0,0.0,0.0,1.0,0.0,0.0,0.0,0.0,0.0,0.0,0.0,0.0,0.0,0.0,0.0,0.0,0.0,0.0,"[0.1606300374669603,0.13070098600339122,0.04788824423633529,0.04788824423633529,0.3333333333333333,0.5,1.0,0.0,0.0,0.0,1.0,0.0,0.0,0.0,0.0,0.0,0.0,0.0,0.0,0.0,0.0,0.0,0.0]",23
relation_edge,rel:79426415,head:L0_ch16:24,hypothesis:AH4,head_supports_hypothesis,0.1606300374669603,0.13070098600339122,0.04788824423633529,0.04788824423633529,0.3333333333333333,0.5,1.0,0.0,0.0,0.0,1.0,0.0,1.0,0.0,1.0,0.0,0.0,0.0,0.0,0.0,0.0,0.0,0.0,0.0,0.0,0.0,0.0,0.0,"[0.1606300374669603,0.13070098600339122,0.04788824423633529,0.04788824423633529,0.3333333333333333,0.5,1.0,0.0,0.0,0.0,1.0,0.0,1.0,0.0,0.0,0.0,0.0,0.0,0.0,0.0,0.0,0.0,0.0]",23
relation_edge,rel:41481810,run:latest,head:L2_ch96:128,run_has_head_signal,0.15856439857413118,0.13070098600339122,0.03600643410012687,0.03600643410012687,0.3333333333333333,0.5,1.0,0.0,0.0,0.0,1.0,0.0,0.0,1.0,0.0,0.0,0.0,0.0,0.0,0.0,0.0,0.0,0.0,0.0,0.0,0.0,0.0,0.0,"[0.15856439857413118,0.13070098600339122,0.03600643410012687,0.03600643410012687,0.3333333333333333,0.5,1.0,0.0,0.0,0.0,1.0,0.0,0.0,0.0,0.0,0.0,0.0,0.0,0.0,0.0,0.0,0.0,0.0]",23
relation_edge,rel:66309693,head:L2_ch96:128,hypothesis:NEGATIVE_GATES,head_supports_hypothesis,0.15856439857413118,0.13070098600339122,0.03600643410012687,0.03600643410012687,0.3333333333333333,0.5,1.0,0.0,0.0,0.0,1.0,0.0,1.0,0.0,1.0,0.0,0.0,0.0,0.0,0.0,0.0,0.0,0.0,0.0,0.0,0.0,0.0,0.0,"[0.15856439857413118,0.13070098600339122,0.03600643410012687,0.03600643410012687,0.3333333333333333,0.5,1.0,0.0,0.0,0.0,1.0,0.0,1.0,0.0,0.0,0.0,0.0,0.0,0.0,0.0,0.0,0.0,0.0]",23
relation_edge,rel:48874072,head:L2_ch96:128,hypothesis:AH4,head_supports_hypothesis,0.15856439857413118,0.13070098600339122,0.03600643410012687,0.03600643410012687,0.3333333333333333,0.5,1.0,0.0,0.0,0.0,1.0,0.0,1.0,0.0,1.0,0.0,0.0,0.0,0.0,0.0,0.0,0.0,0.0,0.0,0.0,0.0,0.0,0.0,"[0.15856439857413118,0.13070098600339122,0.03600643410012687,0.03600643410012687,0.3333333333333333,0.5,1.0,0.0,0.0,0.0,1.0,0.0,1.0,0.0,0.0,0.0,0.0,0.0,0.0,0.0,0.0,0.0,0.0]",23
relation_edge,rel:73473038,task:T6_WIDE_SECONDARY_CONTEXT,hypothesis:T6_WIDE_SECONDARY_CONTEXT,task_monitors_hypothesis,0.15796666912829077,0.13070098600339122,0.03252049682152918,0.03252049682152918,0.3333333333333333,0.25,1.0,0.0,0.0,0.0,0.0,0.0,1.0,0.0,0.0,0.0,0.0,1.0,0.0,0.0,0.0,0.0,0.0,0.0,0.0,0.0,0.0,0.0,"[0.15796666912829077,0.13070098600339122,0.03252049682152918,0.03252049682152918,0.3333333333333333,0.25,1.0,0.0,0.0,0.0,0.0,0.0,1.0,0.0,0.0,0.0,0.0,0.0,0.0,0.0,0.0,0.0,0.0]",23
relation_edge,rel:2647025,run:latest,head:L2_ch160:192,run_has_head_signal,0.15637447885630662,0.13070098600339122,0.02312723459159887,0.02312723459159887,0.3333333333333333,0.5,1.0,0.0,0.0,0.0,1.0,0.0,0.0,1.0,0.0,0.0,0.0,0.0,0.0,0.0,0.0,0.0,0.0,0.0,0.0,0.0,0.0,0.0,"[0.15637447885630662,0.13070098600339122,0.02312723459159887,0.02312723459159887,0.3333333333333333,0.5,1.0,0.0,0.0,0.0,1.0,0.0,0.0,0.0,0.0,0.0,0.0,0.0,0.0,0.0,0.0,0.0,0.0]",23
relation_edge,rel:47864248,head:L2_ch160:192,hypothesis:NEGATIVE_GATES,head_supports_hypothesis,0.15637447885630662,0.13070098600339122,0.02312723459159887,0.02312723459159887,0.3333333333333333,0.5,1.0,0.0,0.0,0.0,1.0,0.0,1.0,0.0,1.0,0.0,0.0,0.0,0.0,0.0,0.0,0.0,0.0,0.0,0.0,0.0,0.0,0.0,"[0.15637447885630662,0.13070098600339122,0.02312723459159887,0.02312723459159887,0.3333333333333333,0.5,1.0,0.0,0.0,0.0,1.0,0.0,1.0,0.0,0.0,0.0,0.0,0.0,0.0,0.0,0.0,0.0,0.0]",23
relation_edge,rel:58333049,head:L2_ch160:192,hypothesis:AH4,head_supports_hypothesis,0.15637447885630662,0.13070098600339122,0.02312723459159887,0.02312723459159887,0.3333333333333333,0.5,1.0,0.0,0.0,0.0,1.0,0.0,1.0,0.0,1.0,0.0,0.0,0.0,0.0,0.0,0.0,0.0,0.0,0.0,0.0,0.0,0.0,0.0,"[0.15637447885630662,0.13070098600339122,0.02312723459159887,0.02312723459159887,0.3333333333333333,0.5,1.0,0.0,0.0,0.0,1.0,0.0,1.0,0.0,0.0,0.0,0.0,0.0,0.0,0.0,0.0,0.0,0.0]",23
relation_edge,rel:11656479,run:latest,head:L2_ch192:224,run_has_head_signal,0.15588617758586534,0.13070098600339122,0.020214493157522558,0.020214493157522558,0.3333333333333333,0.5,1.0,0.0,0.0,0.0,1.0,0.0,0.0,1.0,0.0,0.0,0.0,0.0,0.0,0.0,0.0,0.0,0.0,0.0,0.0,0.0,0.0,0.0,"[0.15588617758586534,0.13070098600339122,0.020214493157522558,0.020214493157522558,0.3333333333333333,0.5,1.0,0.0,0.0,0.0,1.0,0.0,0.0,0.0,0.0,0.0,0.0,0.0,0.0,0.0,0.0,0.0,0.0]",23
relation_edge,rel:41486347,head:L2_ch192:224,hypothesis:AH4,head_supports_hypothesis,0.15588617758586534,0.13070098600339122,0.020214493157522558,0.020214493157522558,0.3333333333333333,0.5,1.0,0.0,0.0,0.0,1.0,0.0,1.0,0.0,1.0,0.0,0.0,0.0,0.0,0.0,0.0,0.0,0.0,0.0,0.0,0.0,0.0,0.0,"[0.15588617758586534,0.13070098600339122,0.020214493157522558,0.020214493157522558,0.3333333333333333,0.5,1.0,0.0,0.0,0.0,1.0,0.0,1.0,0.0,0.0,0.0,0.0,0.0,0.0,0.0,0.0,0.0,0.0]",23
relation_edge,rel:84700518,run:latest,head:L1_ch96:112,run_has_head_signal,0.1551388509503462,0.13070098600339122,0.015727007103459006,0.015727007103459006,0.3333333333333333,0.5,1.0,0.0,0.0,0.0,1.0,0.0,0.0,1.0,0.0,0.0,0.0,0.0,0.0,0.0,0.0,0.0,0.0,0.0,0.0,0.0,0.0,0.0,"[0.1551388509503462,0.13070098600339122,0.015727007103459006,0.015727007103459006,0.3333333333333333,0.5,1.0,0.0,0.0,0.0,1.0,0.0,0.0,0.0,0.0,0.0,0.0,0.0,0.0,0.0,0.0,0.0,0.0]",23
relation_edge,rel:40109535,head:L1_ch96:112,hypothesis:AH4,head_supports_hypothesis,0.1551388509503462,0.13070098600339122,0.015727007103459006,0.015727007103459006,0.3333333333333333,0.5,1.0,0.0,0.0,0.0,1.0,0.0,1.0,0.0,1.0,0.0,0.0,0.0,0.0,0.0,0.0,0.0,0.0,0.0,0.0,0.0,0.0,0.0,"[0.1551388509503462,0.13070098600339122,0.015727007103459006,0.015727007103459006,0.3333333333333333,0.5,1.0,0.0,0.0,0.0,1.0,0.0,1.0,0.0,0.0,0.0,0.0,0.0,0.0,0.0,0.0,0.0,0.0]",23
relation_edge,rel:84476223,run:latest,head:L0_ch56:64,run_has_head_signal,0.1542425731383786,0.13070098600339122,0.010297087821853257,0.010297087821853257,0.3333333333333333,0.5,1.0,0.0,0.0,0.0,1.0,0.0,0.0,1.0,0.0,0.0,0.0,0.0,0.0,0.0,0.0,0.0,0.0,0.0,0.0,0.0,0.0,0.0,"[0.1542425731383786,0.13070098600339122,0.010297087821853257,0.010297087821853257,0.3333333333333333,0.5,1.0,0.0,0.0,0.0,1.0,0.0,0.0,0.0,0.0,0.0,0.0,0.0,0.0,0.0,0.0,0.0,0.0]",23
relation_edge,rel:8924000,head:L0_ch56:64,hypothesis:NEGATIVE_GATES,head_supports_hypothesis,0.1542425731383786,0.13070098600339122,0.010297087821853257,0.010297087821853257,0.3333333333333333,0.5,1.0,0.0,0.0,0.0,1.0,0.0,1.0,0.0,1.0,0.0,0.0,0.0,0.0,0.0,0.0,0.0,0.0,0.0,0.0,0.0,0.0,0.0,"[0.1542425731383786,0.13070098600339122,0.010297087821853257,0.010297087821853257,0.3333333333333333,0.5,1.0,0.0,0.0,0.0,1.0,0.0,1.0,0.0,0.0,0.0,0.0,0.0,0.0,0.0,0.0,0.0,0.0]",23
relation_edge,rel:792571,head:L0_ch56:64,hypothesis:AH4,head_supports_hypothesis,0.1542425731383786,0.13070098600339122,0.010297087821853257,0.010297087821853257,0.3333333333333333,0.5,1.0,0.0,0.0,0.0,1.0,0.0,1.0,0.0,1.0,0.0,0.0,0.0,0.0,0.0,0.0,0.0,0.0,0.0,0.0,0.0,0.0,0.0,"[0.1542425731383786,0.13070098600339122,0.010297087821853257,0.010297087821853257,0.3333333333333333,0.5,1.0,0.0,0.0,0.0,1.0,0.0,1.0,0.0,0.0,0.0,0.0,0.0,0.0,0.0,0.0,0.0,0.0]",23
relation_edge,rel:32884040,run:latest,head:L1_ch0:16,run_has_head_signal,0.153881998578357,0.13070098600339122,0.00809762995431391,0.00809762995431391,0.3333333333333333,0.5,1.0,0.0,0.0,0.0,1.0,0.0,0.0,1.0,0.0,0.0,0.0,0.0,0.0,0.0,0.0,0.0,0.0,0.0,0.0,0.0,0.0,0.0,"[0.153881998578357,0.13070098600339122,0.00809762995431391,0.00809762995431391,0.3333333333333333,0.5,1.0,0.0,0.0,0.0,1.0,0.0,0.0,0.0,0.0,0.0,0.0,0.0,0.0,0.0,0.0,0.0,0.0]",23
relation_edge,rel:16400216,head:L1_ch0:16,hypothesis:NEGATIVE_GATES,head_supports_hypothesis,0.153881998578357,0.13070098600339122,0.00809762995431391,0.00809762995431391,0.3333333333333333,0.5,1.0,0.0,0.0,0.0,1.0,0.0,1.0,0.0,1.0,0.0,0.0,0.0,0.0,0.0,0.0,0.0,0.0,0.0,0.0,0.0,0.0,0.0,"[0.153881998578357,0.13070098600339122,0.00809762995431391,0.00809762995431391,0.3333333333333333,0.5,1.0,0.0,0.0,0.0,1.0,0.0,1.0,0.0,0.0,0.0,0.0,0.0,0.0,0.0,0.0,0.0,0.0]",23
relation_edge,rel:76522571,head:L1_ch0:16,hypothesis:AH4,head_supports_hypothesis,0.153881998578357,0.13070098600339122,0.00809762995431391,0.00809762995431391,0.3333333333333333,0.5,1.0,0.0,0.0,0.0,1.0,0.0,1.0,0.0,1.0,0.0,0.0,0.0,0.0,0.0,0.0,0.0,0.0,0.0,0.0,0.0,0.0,0.0,"[0.153881998578357,0.13070098600339122,0.00809762995431391,0.00809762995431391,0.3333333333333333,0.5,1.0,0.0,0.0,0.0,1.0,0.0,1.0,0.0,0.0,0.0,0.0,0.0,0.0,0.0,0.0,0.0,0.0]",23
