idx,pred,pred_label,true,true_label,conf,pred_logit,true_logit,drop_edge_conv_zero_1_edge_conv,drop_edge_conv_zero_0_edge_conv,drop_features_zero_input_features_zero,drop_feature_group_zero_input_coords_last2,drop_edge_conv_zero_2_edge_conv,drop_feature_group_zero_input_kin_logs_0_4
1093,0,label_QCD,0,label_QCD,0.9999281167984009,-16.417905807495117,-16.417905807495117,228.63775634765625,114.09309387207031,5.238534927368164,8.732532501220703,-0.08697509765625,-1.190047264099121
1089,0,label_QCD,0,label_QCD,0.9993353486061096,-1.7375850677490234,-1.7375850677490234,243.31809997558594,140.6369171142578,10.493647575378418,30.535337448120117,14.593345642089844,16.479225158691406
1054,0,label_QCD,0,label_QCD,0.9991573095321655,-6.059333801269531,-6.059333801269531,238.996337890625,185.7493896484375,23.315996170043945,8.162755966186523,10.271596908569336,4.312860488891602
52,1,label_Hbb,1,label_Hbb,0.9963611960411072,-1.8153471946716309,-1.8153471946716309,275.55218505859375,242.939453125,84.90340423583984,22.41611671447754,17.308292388916016,14.289587020874023
59,1,label_Hbb,1,label_Hbb,0.994642972946167,-0.9287437796592712,-0.9287437796592712,276.43878173828125,243.82608032226562,85.7900161743164,7.005889892578125,18.194896697998047,11.750694274902344
22,1,label_Hbb,1,label_Hbb,0.9886106848716736,0.18639923632144928,0.18639923632144928,277.5539245605469,244.9412078857422,86.90515899658203,17.071224212646484,19.310039520263672,18.12518310546875
205,2,label_Hcc,2,label_Hcc,0.9881271719932556,2.373568058013916,2.373568058013916,270.950439453125,235.21559143066406,111.58928680419922,76.23107147216797,21.406076431274414,17.15643310546875
240,2,label_Hcc,2,label_Hcc,0.9831521511077881,2.0879294872283936,2.0879294872283936,270.6648254394531,234.92996215820312,111.30364990234375,22.071563720703125,21.120437622070312,15.097912788391113
156,2,label_Hcc,2,label_Hcc,0.980564296245575,2.1130006313323975,2.1130006313323975,270.68988037109375,234.9550323486328,111.32872009277344,25.02751350402832,21.145509719848633,19.482738494873047
299,3,label_Hgg,3,label_Hgg,0.9755978584289551,0.7866596579551697,0.7866596579551697,337.9244689941406,248.63958740234375,114.31578063964844,16.46820068359375,17.25064468383789,6.202691555023193
359,3,label_Hgg,3,label_Hgg,0.9594886898994446,0.3844149112701416,0.3844149112701416,337.522216796875,248.2373046875,113.91353607177734,19.564712524414062,16.848400115966797,5.871368408203125
302,3,label_Hgg,3,label_Hgg,0.95888751745224,0.11690455675125122,0.11690455675125122,337.2547302246094,247.96978759765625,113.64602661132812,27.525949478149414,16.580890655517578,6.211243629455566
522,4,label_H4q,4,label_H4q,0.9965152740478516,3.253621816635132,3.253621816635132,300.5296936035156,228.03675842285156,165.09584045410156,39.3082275390625,25.362422943115234,9.566410064697266
538,4,label_H4q,4,label_H4q,0.9941601753234863,2.821122407913208,2.821122407913208,300.0971984863281,227.60426330566406,164.66334533691406,15.750763893127441,24.92992401123047,7.991540908813477
512,4,label_H4q,4,label_H4q,0.9926877021789551,2.547616958618164,2.547616958618164,299.82366943359375,227.33078002929688,164.3898468017578,32.24358367919922,24.656417846679688,10.649616241455078
411,5,label_Hqql,5,label_Hqql,0.9999996423721313,4.907090663909912,4.907090663909912,167.66256713867188,146.3490447998047,65.86481475830078,18.91716957092285,30.592388153076172,34.25741195678711
471,5,label_Hqql,5,label_Hqql,0.9999951124191284,3.175077199935913,3.175077199935913,165.93055725097656,222.6036834716797,112.98324584960938,39.022647857666016,28.860374450683594,27.083248138427734
473,5,label_Hqql,5,label_Hqql,0.9999897480010986,2.9988701343536377,2.9988701343536377,165.7543182373047,222.42745971679688,112.80704498291016,21.766742706298828,28.684167861938477,18.876380920410156
1262,6,label_Zqq,6,label_Zqq,0.9536870121955872,1.5763447284698486,1.5763447284698486,285.3035888671875,251.87118530273438,118.14971923828125,50.90066146850586,20.655994415283203,18.10921859741211
1233,6,label_Zqq,6,label_Zqq,0.9466081857681274,1.33008873462677,1.33008873462677,285.0572814941406,251.62493896484375,117.90345764160156,9.358807563781738,20.409738540649414,20.757638931274414
1154,6,label_Zqq,6,label_Zqq,0.9136823415756226,1.209288239479065,1.209288239479065,284.9365234375,251.50413513183594,117.78266143798828,9.65883731842041,20.288936614990234,13.963890075683594
916,7,label_Wqq,7,label_Wqq,0.9740322232246399,0.7448228597640991,0.7448228597640991,192.73416137695312,238.8030548095703,105.91805267333984,43.71139144897461,21.106523513793945,13.980262756347656
909,7,label_Wqq,7,label_Wqq,0.9713129997253418,1.0450942516326904,1.0450942516326904,193.034423828125,218.16624450683594,65.07803344726562,23.257265090942383,21.40679359436035,16.330537796020508
1016,7,label_Wqq,7,label_Wqq,0.9694445133209229,-0.7011712789535522,-0.7011712789535522,191.28817749023438,237.35704040527344,104.47205352783203,25.475065231323242,19.6605281829834,14.11186695098877
844,8,label_Tbqq,8,label_Tbqq,0.9999363422393799,1.2317509651184082,1.2317509651184082,240.0983428955078,228.7115020751953,134.69786071777344,27.123443603515625,26.192333221435547,22.40577507019043
840,8,label_Tbqq,8,label_Tbqq,0.9998780488967896,2.966946601867676,2.966946601867676,241.8335418701172,230.44668579101562,136.43304443359375,13.243598937988281,27.927528381347656,26.692691802978516
773,8,label_Tbqq,8,label_Tbqq,0.9998297691345215,2.983053207397461,2.983053207397461,241.84963989257812,230.46278381347656,136.44915771484375,12.516498565673828,27.943635940551758,23.461750030517578
673,9,label_Tbl,9,label_Tbl,1.0,5.0654520988464355,5.0654520988464355,157.93614196777344,265.6314697265625,63.686885833740234,51.99419021606445,30.97842788696289,24.621078491210938
669,9,label_Tbl,9,label_Tbl,1.0,0.5695033073425293,0.5695033073425293,153.440185546875,236.56785583496094,47.32085037231445,31.75030517578125,26.482479095458984,24.240272521972656
647,9,label_Tbl,9,label_Tbl,1.0,1.405466079711914,1.405466079711914,154.27615356445312,261.971435546875,60.02690124511719,19.069049835205078,27.31844139099121,25.797693252563477
